# IRF4-IRF4,IRF4-REL,IRF4-PAX5,IRF4-RELA,IRF4-PRDM1,IRF4-AICDA,REL-IRF4,REL-REL,REL-PAX5,REL-RELA,REL-PRDM1,REL-AICDA,PAX5-IRF4,PAX5-REL,PAX5-PAX5,PAX5-RELA,PAX5-PRDM1,PAX5-AICDA,RELA-IRF4,RELA-REL,RELA-PAX5,RELA-RELA,RELA-PRDM1,RELA-AICDA,PRDM1-IRF4,PRDM1-REL,PRDM1-PAX5,PRDM1-RELA,PRDM1-PRDM1,PRDM1-AICDA,AICDA-IRF4,AICDA-REL,AICDA-PAX5,AICDA-RELA,AICDA-PRDM1,AICDA-AICDA
1.263813625148276554e+00,0.000000000000000000e+00,0.000000000000000000e+00,0.000000000000000000e+00,0.000000000000000000e+00,0.000000000000000000e+00,0.000000000000000000e+00,1.256515965603906215e+00,0.000000000000000000e+00,0.000000000000000000e+00,0.000000000000000000e+00,0.000000000000000000e+00,0.000000000000000000e+00,0.000000000000000000e+00,1.224886501937582750e+00,0.000000000000000000e+00,0.000000000000000000e+00,0.000000000000000000e+00,0.000000000000000000e+00,0.000000000000000000e+00,0.000000000000000000e+00,1.184027431168501954e+00,0.000000000000000000e+00,0.000000000000000000e+00,0.000000000000000000e+00,0.000000000000000000e+00,0.000000000000000000e+00,0.000000000000000000e+00,1.097573574831216980e+00,0.000000000000000000e+00,0.000000000000000000e+00,0.000000000000000000e+00,0.000000000000000000e+00,0.000000000000000000e+00,0.000000000000000000e+00,9.445903222971372415e-01
1.263813625148276554e+00,-1.414427219122916211e-02,2.157034749068406209e-03,2.599021478868692933e-03,2.926084027995805997e-02,-5.607953216097201921e-04,-1.414427219122916211e-02,1.256515965603906215e+00,1.490914513110898863e-02,2.115265716299095412e-03,-2.959894033819502127e-02,1.386541539669007561e-02,2.157034749068406209e-03,1.490914513110898863e-02,1.224886501937582750e+00,1.044320120618421645e-02,-2.231011353819344761e-02,1.359026472528061802e-02,2.599021478868692933e-03,2.115265716299095412e-03,1.044320120618421645e-02,1.184027431168501954e+00,-3.541263004488622804e-03,6.966320023592349666e-04,2.926084027995805997e-02,-2.959894033819502127e-02,-2.231011353819344761e-02,-3.541263004488622804e-03,1.097573574831216980e+00,-1.383742520804396615e-02,-5.607953216097201921e-04,1.386541539669007561e-02,1.359026472528061802e-02,6.966320023592349666e-04,-1.383742520804396615e-02,9.445903222971372415e-01
1.263813625148276554e+00,-2.553422505138475823e-02,2.857471764424269426e-03,4.034193614012734040e-03,5.391003166683334263e-02,-1.836018706559660197e-03,-2.553422505138475823e-02,1.256515965603906215e+00,2.744826728750753356e-02,4.198805036663082191e-03,-5.197435969932154981e-02,2.576850204203268505e-02,2.857471764424269426e-03,2.744826728750753356e-02,1.224886501937582750e+00,1.845536441344331618e-02,-3.947212943477506480e-02,2.458860172706772707e-02,4.034193614012734040e-03,4.198805036663082191e-03,1.845536441344331618e-02,1.184027431168501954e+00,-5.574119230175668231e-03,1.032579347218421165e-03,5.391003166683334263e-02,-5.197435969932154981e-02,-3.947212943477506480e-02,-5.574119230175668231e-03,1.097573574831216980e+00,-2.516084399923329898e-02,-1.836018706559660197e-03,2.576850204203268505e-02,2.458860172706772707e-02,1.032579347218421165e-03,-2.516084399923329898e-02,9.445903222971372415e-01
1.263813625148276554e+00,-3.468013305738226748e-02,2.682011807113773589e-03,4.705927537312541188e-03,7.446335325138046801e-02,-3.468789062532365471e-03,-3.468013305738226748e-02,1.256515965603906215e+00,3.776303143385224825e-02,6.075240116660872783e-03,-6.903558341629059680e-02,3.583033271061894509e-02,2.682011807113773589e-03,3.776303143385224825e-02,1.224886501937582750e+00,2.453439952592858034e-02,-5.275547527239436707e-02,3.339774597521909943e-02,4.705927537312541188e-03,6.075240116660872783e-03,2.453439952592858034e-02,1.184027431168501954e+00,-6.660144685200159419e-03,1.086877408694603966e-03,7.446335325138046801e-02,-6.903558341629059680e-02,-5.275547527239436707e-02,-6.660144685200159419e-03,1.097573574831216980e+00,-3.444737671117650835e-02,-3.468789062532365471e-03,3.583033271061894509e-02,3.339774597521909943e-02,1.086877408694603966e-03,-3.444737671117650835e-02,9.445903222971372415e-01
1.263813625148276554e+00,-4.200347594713069871e-02,2.029389405143399664e-03,4.898353202521685441e-03,9.147221551687545471e-02,-5.221640271413387907e-03,-4.200347594713069871e-02,1.256515965603906215e+00,4.612650514316474215e-02,7.686765939608718005e-03,-8.214003407720013583e-02,4.424644307858355968e-02,2.029389405143399664e-03,4.612650514316474215e-02,1.224886501937582750e+00,2.911450149282568400e-02,-6.309008399221915919e-02,4.040324413243576163e-02,4.898353202521685441e-03,7.686765939608718005e-03,2.911450149282568400e-02,1.184027431168501954e+00,-7.158460933385116763e-03,9.409823373146628932e-04,9.147221551687545471e-02,-8.214003407720013583e-02,-6.309008399221915919e-02,-7.158460933385116763e-03,1.097573574831216980e+00,-4.207858312221014058e-02,-5.221640271413387907e-03,4.424644307858355968e-02,4.040324413243576163e-02,9.409823373146628932e-04,-4.207858312221014058e-02,9.445903222971372415e-01
1.263813625148276554e+00,-4.785178772000798358e-02,1.158369125660139434e-03,4.805361717397801935e-03,1.054673291900992127e-01,-6.946414051867596737e-03,-4.785178772000798358e-02,1.256515965603906215e+00,5.284232584600926513e-02,9.033085202406776829e-03,-9.226721501081525112e-02,5.123562210112138360e-02,1.158369125660139434e-03,5.284232584600926513e-02,1.224886501937582750e+00,3.255091737377110300e-02,-7.116518175091966769e-02,4.594782446889320721e-02,4.805361717397801935e-03,9.033085202406776829e-03,3.255091737377110300e-02,1.184027431168501954e+00,-7.299247178700811987e-03,6.660323435727379636e-04,1.054673291900992127e-01,-9.226721501081525112e-02,-7.116518175091966769e-02,-7.299247178700811987e-03,1.097573574831216980e+00,-4.835985257156505401e-02,-6.946414051867596737e-03,5.123562210112138360e-02,4.594782446889320721e-02,6.660323435727379636e-04,-4.835985257156505401e-02,9.445903222971372415e-01
1.263813625148276554e+00,-5.251078773648470976e-02,2.278396286700090341e-04,4.555027577736482473e-03,1.169317156751175091e-01,-8.558021256170918536e-03,-5.251078773648470976e-02,1.256515965603906215e+00,5.819908292897751911e-02,1.013911866067550814e-02,-1.001338205350221500e-01,5.701179978017221345e-02,2.278396286700090341e-04,5.819908292897751911e-02,1.224886501937582750e+00,3.512362328823311758e-02,-7.749718292174806455e-02,5.032277447740803739e-02,4.555027577736482473e-03,1.013911866067550814e-02,3.512362328823311758e-02,1.184027431168501954e+00,-7.229818862174587635e-03,3.183877330926974947e-04,1.169317156751175091e-01,-1.001338205350221500e-01,-7.749718292174806455e-02,-7.229818862174587635e-03,1.097573574831216980e+00,-5.353674092602319495e-02,-8.558021256170918536e-03,5.701179978017221345e-02,5.032277447740803739e-02,3.183877330926974947e-04,-5.353674092602319495e-02,9.445903222971372415e-01
1.263813625148276554e+00,-5.621437820207454000e-02,-6.709285959234055630e-04,4.229380301514169133e-03,1.262903204623361808e-01,-1.001378791875551406e-02,-5.621437820207454000e-02,1.256515965603906215e+00,6.245163265866404689e-02,1.103835002370523628e-02,-1.062708135599932935e-01,6.177028480855675796e-02,-6.709285959234055630e-04,6.245163265866404689e-02,1.224886501937582750e+00,3.704821526537919324e-02,-8.247682385161010654e-02,5.376864740807158621e-02,4.229380301514169133e-03,1.103835002370523628e-02,3.704821526537919324e-02,1.184027431168501954e+00,-7.043936185605140406e-03,-6.036958173863137846e-05,1.262903204623361808e-01,-1.062708135599932935e-01,-8.247682385161010654e-02,-7.043936185605140406e-03,1.097573574831216980e+00,-5.780776226388822242e-02,-1.001378791875551406e-02,6.177028480855675796e-02,5.376864740807158621e-02,-6.036958173863137846e-05,-5.780776226388822242e-02,9.445903222971372415e-01
1.263813625148276554e+00,-5.915309451035685728e-02,-1.490519728846778115e-03,3.879197709320125233e-03,1.339087391709170294e-01,-1.129825104864918064e-02,-5.915309451035685728e-02,1.256515965603906215e+00,6.581604820306716230e-02,1.176473729263141643e-02,-1.110758526611630437e-01,6.568240349111026388e-02,-1.490519728846778115e-03,6.581604820306716230e-02,1.224886501937582750e+00,3.848829254589909016e-02,-8.640228568735072723e-02,5.648037044957227026e-02,3.879197709320125233e-03,1.176473729263141643e-02,3.848829254589909016e-02,1.184027431168501954e+00,-6.800641239684268591e-03,-4.414286618774369213e-04,1.339087391709170294e-01,-1.110758526611630437e-01,-8.640228568735072723e-02,-6.800641239684268591e-03,1.097573574831216980e+00,-6.133420075052874176e-02,-1.129825104864918064e-02,6.568240349111026388e-02,5.648037044957227026e-02,-4.414286618774369213e-04,-6.133420075052874176e-02,9.445903222971372415e-01
1.263813625148276554e+00,-6.148135850130890395e-02,-2.210806194265516490e-03,3.534553323620659958e-03,1.400966668271564630e-01,-1.241249814068481373e-02,-6.148135850130890395e-02,1.256515965603906215e+00,6.847104409008583636e-02,1.234917337104061291e-02,-1.148495556194650408e-01,6.889474864791170217e-02,-2.210806194265516490e-03,6.847104409008583636e-02,1.224886501937582750e+00,3.956684875571635923e-02,-8.950278733033689704e-02,5.861391081642339934e-02,3.534553323620659958e-03,1.234917337104061291e-02,3.956684875571635923e-02,1.184027431168501954e+00,-6.536456855701172630e-03,-8.061264857228201460e-04,1.400966668271564630e-01,-1.148495556194650408e-01,-8.950278733033689704e-02,-6.536456855701172630e-03,1.097573574831216980e+00,-6.424763886188805673e-02,-1.241249814068481373e-02,6.889474864791170217e-02,5.861391081642339934e-02,-8.061264857228201460e-04,-6.424763886188805673e-02,9.445903222971372415e-01
1.263813625148276554e+00,-6.332371990605907552e-02,-2.827849141943541891e-03,3.212100482319860551e-03,1.451135249740517219e-01,-1.336697901059695145e-02,-6.332371990605907552e-02,1.256515965603906215e+00,7.056211140672263848e-02,1.281826875983053428e-02,-1.178210004104803532e-01,7.153074689913384299e-02,-2.827849141943541891e-03,7.056211140672263848e-02,1.224886501937582750e+00,4.037582051038088315e-02,-9.195562387727326814e-02,6.029300867039174422e-02,3.212100482319860551e-03,1.281826875983053428e-02,4.037582051038088315e-02,1.184027431168501954e+00,-6.273329684666279632e-03,-1.143406834290037902e-03,1.451135249740517219e-01,-1.178210004104803532e-01,-9.195562387727326814e-02,-6.273329684666279632e-03,1.097573574831216980e+00,-6.665578333610144846e-02,-1.336697901059695145e-02,7.153074689913384299e-02,6.029300867039174422e-02,-1.143406834290037902e-03,-6.665578333610144846e-02,9.445903222971372415e-01
1.263813625148276554e+00,-6.478019579412018503e-02,-3.346701657788560269e-03,2.919990266263233596e-03,1.491748214437622622e-01,-1.417682759115052211e-02,-6.478019579412018503e-02,1.256515965603906215e+00,7.220645471445580332e-02,1.319425281713204785e-02,-1.201659384057952168e-01,7.369322381008162892e-02,-3.346701657788560269e-03,7.220645471445580332e-02,1.224886501937582750e+00,4.098370096784691857e-02,-9.389863645407292569e-02,6.161528612626744617e-02,2.919990266263233596e-03,1.319425281713204785e-02,4.098370096784691857e-02,1.184027431168501954e+00,-6.023821226103487012e-03,-1.447651907930550073e-03,1.491748214437622622e-01,-1.201659384057952168e-01,-9.389863645407292569e-02,-6.023821226103487012e-03,1.097573574831216980e+00,-6.864702426884693176e-02,-1.417682759115052211e-02,7.369322381008162892e-02,6.161528612626744617e-02,-1.447651907930550073e-03,-6.864702426884693176e-02,9.445903222971372415e-01
1.263813625148276554e+00,-6.593079427920675584e-02,-3.776887056118564262e-03,2.661134143836034558e-03,1.524584531006726029e-01,-1.485892823417549018e-02,-6.593079427920675584e-02,1.256515965603906215e+00,7.349781739193841923e-02,1.349536184952807027e-02,-1.220199881538230335e-01,7.546724380477372318e-02,-3.776887056118564262e-03,7.349781739193841923e-02,1.224886501937582750e+00,4.144143334905169007e-02,-9.543945151001879956e-02,6.265748205491822320e-02,2.661134143836034558e-03,1.349536184952807027e-02,4.144143334905169007e-02,1.184027431168501954e+00,-5.794506993832829016e-03,-1.716961704469050724e-03,1.524584531006726029e-01,-1.220199881538230335e-01,-9.543945151001879956e-02,-5.794506993832829016e-03,1.097573574831216980e+00,-7.029404211477134623e-02,-1.485892823417549018e-02,7.546724380477372318e-02,6.265748205491822320e-02,-1.716961704469050724e-03,-7.029404211477134623e-02,9.445903222971372415e-01
1.263813625148276554e+00,-6.683930624565873058e-02,-4.129656569861673253e-03,2.435335521750238343e-03,1.551105494411127161e-01,-1.543015802438206345e-02,-6.683930624565873058e-02,1.256515965603906215e+00,7.451080514382669995e-02,1.373639468607371940e-02,-1.234883149195585561e-01,7.692285480891203342e-02,-4.129656569861673253e-03,7.451080514382669995e-02,1.224886501937582750e+00,4.178688988548109190e-02,-9.666240243613087590e-02,6.347978727125683229e-02,2.435335521750238343e-03,1.373639468607371940e-02,4.178688988548109190e-02,1.184027431168501954e+00,-5.588202654787455606e-03,-1.951854327348300205e-03,1.551105494411127161e-01,-1.234883149195585561e-01,-9.666240243613087590e-02,-5.588202654787455606e-03,1.097573574831216980e+00,-7.165668898780210017e-02,-1.543015802438206345e-02,7.692285480891203342e-02,6.347978727125683229e-02,-1.951854327348300205e-03,-7.165668898780210017e-02,9.445903222971372415e-01
1.263813625148276554e+00,-6.755645095773255004e-02,-4.416401271943698817e-03,2.240660923914960818e-03,1.572506806483214004e-01,-1.590640095496540993e-02,-6.755645095773255004e-02,1.256515965603906215e+00,7.530458348371814326e-02,1.392928319506236794e-02,-1.246528117670690494e-01,7.811756874260929184e-02,-4.416401271943698817e-03,7.530458348371814326e-02,1.224886501937582750e+00,4.204823628823965709e-02,-9.763376522272501634e-02,6.412935783545782586e-02,2.240660923914960818e-03,1.392928319506236794e-02,4.204823628823965709e-02,1.184027431168501954e+00,-5.405419050020246474e-03,-2.154321011121137705e-03,1.572506806483214004e-01,-1.246528117670690494e-01,-9.763376522272501634e-02,-5.405419050020246474e-03,1.097573574831216980e+00,-7.278430861671356111e-02,-1.590640095496540993e-02,7.811756874260929184e-02,6.412935783545782586e-02,-2.154321011121137705e-03,-7.278430861671356111e-02,9.445903222971372415e-01
1.263813625148276554e+00,-6.812246153266639237e-02,-4.647794810580716494e-03,2.074306300340539051e-03,1.589763817204157825e-01,-1.630205530036125949e-02,-6.812246153266639237e-02,1.256515965603906215e+00,7.592595335703308801e-02,1.408361190524840684e-02,-1.255774792582708965e-01,7.909851910692732024e-02,-4.647794810580716494e-03,7.592595335703308801e-02,1.224886501937582750e+00,4.224644049877080559e-02,-9.840575190911257653e-02,6.464312215006966233e-02,2.074306300340539051e-03,1.408361190524840684e-02,4.224644049877080559e-02,1.184027431168501954e+00,-5.245308813748562199e-03,-2.327161771623474651e-03,1.589763817204157825e-01,-1.255774792582708965e-01,-9.840575190911257653e-02,-5.245308813748562199e-03,1.097573574831216980e+00,-7.371761618079482326e-02,-1.630205530036125949e-02,7.909851910692732024e-02,6.464312215006966233e-02,-2.327161771623474651e-03,-7.371761618079482326e-02,9.445903222971372415e-01
1.263813625148276554e+00,-6.856919289658024164e-02,-4.833386634744277384e-03,1.933131634975389368e-03,1.603670136688390702e-01,-1.662984650642418405e-02,-6.856919289658024164e-02,1.256515965603906215e+00,7.641186500983650209e-02,1.420706433811757402e-02,-1.263124898671774965e-01,7.990429404429100213e-02,-4.833386634744277384e-03,7.641186500983650209e-02,1.224886501937582750e+00,4.239713491391120664e-02,-9.901957821478174493e-02,6.505000269494755349e-02,1.933131634975389368e-03,1.420706433811757402e-02,4.239713491391120664e-02,1.184027431168501954e+00,-5.106277257464631424e-03,-2.473533857304775329e-03,1.603670136688390702e-01,-1.263124898671774965e-01,-9.901957821478174493e-02,-5.106277257464631424e-03,1.097573574831216980e+00,-7.449022905683864992e-02,-1.662984650642418405e-02,7.990429404429100213e-02,6.505000269494755349e-02,-2.473533857304775329e-03,-7.449022905683864992e-02,9.445903222971372415e-01
1.263813625148276554e+00,-6.892182857057167766e-02,-4.981463682286927687e-03,1.813979886634906839e-03,1.614870173456163516e-01,-1.690082172404295743e-02,-6.892182857057167766e-02,1.256515965603906215e+00,7.679144914716228010e-02,1.430579422149302719e-02,-1.268972812195161559e-01,8.056647039102170227e-02,-4.981463682286927687e-03,7.679144914716228010e-02,1.224886501937582750e+00,4.251199512896155358e-02,-9.950783415336304782e-02,6.537266341968119010e-02,1.813979886634906839e-03,1.430579422149302719e-02,4.251199512896155358e-02,1.184027431168501954e+00,-4.986371515561189953e-03,-2.596656498289973657e-03,1.614870173456163516e-01,-1.268972812195161559e-01,-9.950783415336304782e-02,-4.986371515561189953e-03,1.097573574831216980e+00,-7.512991804256953510e-02,-1.690082172404295743e-02,8.056647039102170227e-02,6.537266341968119010e-02,-2.596656498289973657e-03,-7.512991804256953510e-02,9.445903222971372415e-01
1.263813625148276554e+00,-6.920025458291195752e-02,-5.099064530169913553e-03,1.713857360745481284e-03,1.623886297198407491e-01,-1.712444582467389370e-02,-6.920025458291195752e-02,1.256515965603906215e+00,7.708764534758144604e-02,1.438472852468765037e-02,-1.273629251390237527e-01,8.111088492673998451e-02,-5.099064530169913553e-03,7.708764534758144604e-02,1.224886501937582750e+00,4.259975947104139432e-02,-9.989632527059880140e-02,6.562887840562285635e-02,1.713857360745481284e-03,1.438472852468765037e-02,4.259975947104139432e-02,1.184027431168501954e+00,-4.883523484207465647e-03,-2.699627407099862951e-03,1.623886297198407491e-01,-1.273629251390237527e-01,-9.989632527059880140e-02,-4.883523484207465647e-03,1.097573574831216980e+00,-7.565963306072168160e-02,-1.712444582467389370e-02,8.111088492673998451e-02,6.562887840562285635e-02,-2.699627407099862951e-03,-7.565963306072168160e-02,9.445903222971372415e-01
1.263813625148276554e+00,-6.942016002845760592e-02,-5.192073594847401545e-03,1.630026379834351819e-03,1.631141352061976080e-01,-1.730874815221464941e-02,-6.942016002845760592e-02,1.256515965603906215e+00,7.731850062312434213e-02,1.444781216601411823e-02,-1.277339519962631398e-01,8.155868107387950761e-02,-5.192073594847401545e-03,7.731850062312434213e-02,1.224886501937582750e+00,4.266698271701087342e-02,-1.002055087948314216e-01,6.583260111007363524e-02,1.630026379834351819e-03,1.444781216601411823e-02,4.266698271701087342e-02,1.184027431168501954e+00,-4.795696729920227025e-03,-2.785317184001976677e-03,1.631141352061976080e-01,-1.277339519962631398e-01,-1.002055087948314216e-01,-4.795696729920227025e-03,1.097573574831216980e+00,-7.609834583487018467e-02,-1.730874815221464941e-02,8.155868107387950761e-02,6.583260111007363524e-02,-2.785317184001976677e-03,-7.609834583487018467e-02,9.445903222971372415e-01
1.263813625148276554e+00,-6.959391508262052772e-02,-5.265351317206651283e-03,1.560043585510514095e-03,1.636977212684437299e-01,-1.746048876123387772e-02,-6.959391508262052772e-02,1.256515965603906215e+00,7.749820107977155315e-02,1.449820440983634259e-02,-1.280297622750525277e-01,8.192716712250761035e-02,-5.265351317206651283e-03,7.749820107977155315e-02,1.224886501937582750e+00,4.271859355335246716e-02,-1.004516178158328943e-01,6.599479845759072261e-02,1.560043585510514095e-03,1.449820440983634259e-02,4.271859355335246716e-02,1.184027431168501954e+00,-4.720970751428133806e-03,-2.856316603650118410e-03,1.636977212684437299e-01,-1.280297622750525277e-01,-1.004516178158328943e-01,-4.720970751428133806e-03,1.097573574831216980e+00,-7.646174334165498077e-02,-1.746048876123387772e-02,8.192716712250761035e-02,6.599479845759072261e-02,-2.856316603650118410e-03,-7.646174334165498077e-02,9.445903222971372415e-01
1.263813625148276554e+00,-6.973126912543428646e-02,-5.322874431454142387e-03,1.501765545709399501e-03,1.641670011447411703e-01,-1.758532562383518030e-02,-6.973126912543428646e-02,1.256515965603906215e+00,7.763788937180421401e-02,1.453843598583009177e-02,-1.282657232683693249e-01,8.223051807827834458e-02,-5.322874431454142387e-03,7.763788937180421401e-02,1.224886501937582750e+00,4.275830728584264356e-02,-1.006475438941520639e-01,6.612410105706220675e-02,1.501765545709399501e-03,1.453843598583009177e-02,4.275830728584264356e-02,1.184027431168501954e+00,-4.657584811861729089e-03,-2.914918692114101123e-03,1.641670011447411703e-01,-1.282657232683693249e-01,-1.006475438941520639e-01,-4.657584811861729089e-03,1.097573574831216980e+00,-7.676279917381592655e-02,-1.758532562383518030e-02,8.223051807827834458e-02,6.612410105706220675e-02,-2.914918692114101123e-03,-7.676279917381592655e-02,9.445903222971372415e-01
1.263813625148276554e+00,-6.983990431302060375e-02,-5.367871871410787900e-03,1.453335623187274181e-03,1.645442590164177266e-01,-1.768797247061503972e-02,-6.983990431302060375e-02,1.256515965603906215e+00,7.774631119643736488e-02,1.457053461214538777e-02,-1.284540242147324263e-01,8.248034874271849282e-02,-5.367871871410787900e-03,7.774631119643736488e-02,1.224886501937582750e+00,4.278893180692945608e-02,-1.008035317528963720e-01,6.622731004253423759e-02,1.453335623187274181e-03,1.457053461214538777e-02,4.278893180692945608e-02,1.184027431168501954e+00,-4.603956108690697262e-03,-2.963122775841129514e-03,1.645442590164177266e-01,-1.284540242147324263e-01,-1.008035317528963720e-01,-4.603956108690697262e-03,1.097573574831216980e+00,-7.701224474810391962e-02,-1.768797247061503972e-02,8.248034874271849282e-02,6.622731004253423759e-02,-2.963122775841129514e-03,-7.701224474810391962e-02,9.445903222971372415e-01
1.263813625148276554e+00,-6.992587355718124509e-02,-5.402948949956979698e-03,1.413160974141935197e-03,1.648474653083863706e-01,-1.777234208956295775e-02,-6.992587355718124509e-02,1.256515965603906215e+00,7.783032587055793705e-02,1.459612524939576245e-02,-1.286043451894951783e-01,8.268618128025582992e-02,-5.402948949956979698e-03,7.783032587055793705e-02,1.224886501937582750e+00,4.281259481153180946e-02,-1.009277272179860269e-01,6.630979230061298524e-02,1.413160974141935197e-03,1.459612524939576245e-02,4.281259481153180946e-02,1.184027431168501954e+00,-4.558682066661816357e-03,-3.002651599441657181e-03,1.648474653083863706e-01,-1.286043451894951783e-01,-1.009277272179860269e-01,-4.558682066661816357e-03,1.097573574831216980e+00,-7.721895818595846117e-02,-1.777234208956295775e-02,8.268618128025582992e-02,6.630979230061298524e-02,-3.002651599441657181e-03,-7.721895818595846117e-02,9.445903222971372415e-01
1.263813625148276554e+00,-6.999394644089923512e-02,-5.430196714528362674e-03,1.379885209035113620e-03,1.650911026216303756e-01,-1.784167307588348933e-02,-6.999394644089923512e-02,1.256515965603906215e+00,7.789530914118740490e-02,1.461651020245244292e-02,-1.287243817693058123e-01,8.285582659532618466e-02,-5.430196714528362674e-03,7.789530914118740490e-02,1.224886501937582750e+00,4.283091285652802782e-02,-1.010266101772253761e-01,6.637578888103436159e-02,1.379885209035113620e-03,1.461651020245244292e-02,4.283091285652802782e-02,1.184027431168501954e+00,-4.520533201788999762e-03,-3.034975461765951517e-03,1.650911026216303756e-01,-1.287243817693058123e-01,-1.010266101772253761e-01,-4.520533201788999762e-03,1.097573574831216980e+00,-7.739028541886837365e-02,-1.784167307588348933e-02,8.285582659532618466e-02,6.637578888103436159e-02,-3.034975461765951517e-03,-7.739028541886837365e-02,9.445903222971372415e-01
1.263813625148276554e+00,-7.004788204775765081e-02,-5.451285858967794620e-03,1.352360072572823552e-03,1.652868363181246303e-01,-1.789863990199856356e-02,-7.004788204775765081e-02,1.256515965603906215e+00,7.794547071440227626e-02,1.463273316620235416e-02,-1.288202575777703807e-01,8.299569543511496617e-02,-5.451285858967794620e-03,7.794547071440227626e-02,1.224886501937582750e+00,4.284511741620891656e-02,-1.011053371994815875e-01,6.642865589047110275e-02,1.352360072572823552e-03,1.463273316620235416e-02,4.284511741620891656e-02,1.184027431168501954e+00,-4.488440767955341471e-03,-3.061339363719155215e-03,1.652868363181246303e-01,-1.288202575777703807e-01,-1.011053371994815875e-01,-4.488440767955341471e-03,1.097573574831216980e+00,-7.753230543492058147e-02,-1.789863990199856356e-02,8.299569543511496617e-02,6.642865589047110275e-02,-3.061339363719155215e-03,-7.753230543492058147e-02,9.445903222971372415e-01
1.263813625148276554e+00,-7.009064392431667290e-02,-5.467545928884717278e-03,1.329618093851474194e-03,1.654440580985763187e-01,-1.794544722472432227e-02,-7.009064392431667290e-02,1.256515965603906215e+00,7.798410438934039179e-02,1.464563047661342730e-02,-1.288968493760120904e-01,8.311105225144277409e-02,-5.467545928884717278e-03,7.798410438934039179e-02,1.224886501937582750e+00,4.285614908688031854e-02,-1.011680130070533451e-01,6.647105286407400948e-02,1.329618093851474194e-03,1.464563047661342730e-02,4.285614908688031854e-02,1.184027431168501954e+00,-4.461481900007641110e-03,-3.082790602894317986e-03,1.654440580985763187e-01,-1.288968493760120904e-01,-1.011680130070533451e-01,-4.461481900007641110e-03,1.097573574831216980e+00,-7.765004944899227268e-02,-1.794544722472432227e-02,8.311105225144277409e-02,6.647105286407400948e-02,-3.082790602894317986e-03,-7.765004944899227268e-02,9.445903222971372415e-01
1.263813625148276554e+00,-7.012456932210482663e-02,-5.480031226694485023e-03,1.310847259568335759e-03,1.655703260301042978e-01,-1.798390987284232551e-02,-7.012456932210482663e-02,1.256515965603906215e+00,7.801378498651960480e-02,1.465587215767924327e-02,-1.289580437310608174e-01,8.320622245601841382e-02,-5.480031226694485023e-03,7.801378498651960480e-02,1.224886501937582750e+00,4.286472815777142564e-02,-1.012179058047419505e-01,6.650509025304279787e-02,1.310847259568335759e-03,1.465587215767924327e-02,4.286472815777142564e-02,1.184027431168501954e+00,-4.438863966656306573e-03,-3.100205250423090659e-03,1.655703260301042978e-01,-1.289580437310608174e-01,-1.012179058047419505e-01,-4.438863966656306573e-03,1.097573574831216980e+00,-7.774768204210355527e-02,-1.798390987284232551e-02,8.320622245601841382e-02,6.650509025304279787e-02,-3.100205250423090659e-03,-7.774768204210355527e-02,9.445903222971372415e-01
1.263813625148276554e+00,-7.015150237625951413e-02,-5.489575080700119340e-03,1.295368199110369552e-03,1.656717203408022143e-01,-1.801552016424912139e-02,-7.015150237625951413e-02,1.256515965603906215e+00,7.803652330467190923e-02,1.466399482108067878e-02,-1.290069400098597940e-01,8.328476172630562557e-02,-5.489575080700119340e-03,7.803652330467190923e-02,1.224886501937582750e+00,4.287140760992455557e-02,-1.012576182301804240e-01,6.653244505877971282e-02,1.295368199110369552e-03,1.466399482108067878e-02,4.287140760992455557e-02,1.184027431168501954e+00,-4.419909180971120545e-03,-3.114312626980542294e-03,1.656717203408022143e-01,-1.290069400098597940e-01,-1.012576182301804240e-01,-4.419909180971120545e-03,1.097573574831216980e+00,-7.782865089612098219e-02,-1.801552016424912139e-02,8.328476172630562557e-02,6.653244505877971282e-02,-3.114312626980542294e-03,-7.782865089612098219e-02,9.445903222971372415e-01
1.263813625148276554e+00,-7.017289887448190100e-02,-5.496834165113636227e-03,1.282614024782683781e-03,1.657531308242155554e-01,-1.804150421812782470e-02,-7.017289887448190100e-02,1.256515965603906215e+00,7.805388798844400955e-02,1.467042805276705213e-02,-1.290460111678334854e-01,8.334959440114281248e-02,-5.496834165113636227e-03,7.805388798844400955e-02,1.224886501937582750e+00,4.287661302151590803e-02,-1.012892231744197957e-01,6.655445162205883558e-02,1.282614024782683781e-03,1.467042805276705213e-02,4.287661302151590803e-02,1.184027431168501954e+00,-4.404040076736066844e-03,-3.125717349115497874e-03,1.657531308242155554e-01,-1.290460111678334854e-01,-1.012892231744197957e-01,-4.404040076736066844e-03,1.097573574831216980e+00,-7.789581058669421687e-02,-1.804150421812782470e-02,8.334959440114281248e-02,6.655445162205883558e-02,-3.125717349115497874e-03,-7.789581058669421687e-02,9.445903222971372415e-01
1.263813625148276554e+00,-7.018990866695608288e-02,-5.502324453872079087e-03,1.272112766787927363e-03,1.658184888048956640e-01,-1.806286883774694055e-02,-7.018990866695608288e-02,1.256515965603906215e+00,7.806710132289186588e-02,1.467551558659821800e-02,-1.290772312799543520e-01,8.340312668657280659e-02,-5.502324453872079087e-03,7.806710132289186588e-02,1.224886501937582750e+00,4.288067269411935389e-02,-1.013143717603357391e-01,6.657217300937628979e-02,1.272112766787927363e-03,1.467551558659821800e-02,4.288067269411935389e-02,1.184027431168501954e+00,-4.390766171790072558e-03,-3.134918811315849131e-03,1.658184888048956640e-01,-1.290772312799543520e-01,-1.013143717603357391e-01,-4.390766171790072558e-03,1.097573574831216980e+00,-7.795152494164703239e-02,-1.806286883774694055e-02,8.340312668657280659e-02,6.657217300937628979e-02,-3.134918811315849131e-03,-7.795152494164703239e-02,9.445903222971372415e-01
1.263813625148276554e+00,-7.020344049107733742e-02,-5.506450227024661630e-03,1.263472230075705959e-03,1.658709542236937728e-01,-1.808044039617705614e-02,-7.020344049107733742e-02,1.256515965603906215e+00,7.807711449244632285e-02,1.467953230110030996e-02,-1.291021768155570237e-01,8.344733932053180481e-02,-5.506450227024661630e-03,7.807711449244632285e-02,1.224886501937582750e+00,4.288384045770560205e-02,-1.013343792318704556e-01,6.658645722599658423e-02,1.263472230075705959e-03,1.467953230110030996e-02,4.288384045770560205e-02,1.184027431168501954e+00,-4.379671954938365273e-03,-3.142328152370911683e-03,1.658709542236937728e-01,-1.291021768155570237e-01,-1.013343792318704556e-01,-4.379671954938365273e-03,1.097573574831216980e+00,-7.799775168561473571e-02,-1.808044039617705614e-02,8.344733932053180481e-02,6.658645722599658423e-02,-3.142328152370911683e-03,-7.799775168561473571e-02,9.445903222971372415e-01
1.263813625148276554e+00,-7.021421297161273278e-02,-5.509527363765938553e-03,1.256367045356545763e-03,1.659130664317633452e-01,-1.809489699276415134e-02,-7.021421297161273278e-02,1.256515965603906215e+00,7.808466667282908114e-02,1.468269786634548296e-02,-1.291221071491434891e-01,8.348386347520589390e-02,-5.509527363765938553e-03,7.808466667282908114e-02,1.224886501937582750e+00,4.288631298066495484e-02,-1.013502933030708819e-01,6.659798154626649092e-02,1.256367045356545763e-03,1.468269786634548296e-02,4.288631298066495484e-02,1.184027431168501954e+00,-4.370406217310805926e-03,-3.148282861818662084e-03,1.659130664317633452e-01,-1.291221071491434891e-01,-1.013502933030708819e-01,-4.370406217310805926e-03,1.097573574831216980e+00,-7.803611244372743450e-02,-1.809489699276415134e-02,8.348386347520589390e-02,6.659798154626649092e-02,-3.148282861818662084e-03,-7.803611244372743450e-02,9.445903222971372415e-01
1.263813625148276554e+00,-7.022279475525027015e-02,-5.511801973190712245e-03,1.250527667411732193e-03,1.659468656670091691e-01,-1.810679498178719912e-02,-7.022279475525027015e-02,1.256515965603906215e+00,7.809033140052694388e-02,1.468518770217565328e-02,-1.291380286256497978e-01,8.351404297042407110e-02,-5.511801973190712245e-03,7.809033140052694388e-02,1.224886501937582750e+00,4.288824294488184641e-02,-1.013629485688010839e-01,6.660728752440650546e-02,1.250527667411732193e-03,1.468518770217565328e-02,4.288824294488184641e-02,1.184027431168501954e+00,-4.362672679264644263e-03,-3.153059238568144563e-03,1.659468656670091691e-01,-1.291380286256497978e-01,-1.013629485688010839e-01,-4.362672679264644263e-03,1.097573574831216980e+00,-7.806795064271697393e-02,-1.810679498178719912e-02,8.351404297042407110e-02,6.660728752440650546e-02,-3.153059238568144563e-03,-7.806795064271697393e-02,9.445903222971372415e-01
1.263813625148276554e+00,-7.022963610571339443e-02,-5.513465244288735453e-03,1.245731075975866579e-03,1.659739908664093488e-01,-1.811659081710794567e-02,-7.022963610571339443e-02,1.256515965603906215e+00,7.809455293491403272e-02,1.468714177721320950e-02,-1.291507455827961282e-01,8.353898529941990170e-02,-5.513465244288735453e-03,7.809455293491403272e-02,1.224886501937582750e+00,4.288974910101211319e-02,-1.013730098324626405e-01,6.661480868509582487e-02,1.245731075975866579e-03,1.468714177721320950e-02,4.288974910101211319e-02,1.184027431168501954e+00,-4.356221824528080759e-03,-3.156882936761172282e-03,1.659739908664093488e-01,-1.291507455827961282e-01,-1.013730098324626405e-01,-4.356221824528080759e-03,1.097573574831216980e+00,-7.809437940677126100e-02,-1.811659081710794567e-02,8.353898529941990170e-02,6.661480868509582487e-02,-3.156882936761172282e-03,-7.809437940677126100e-02,9.445903222971372415e-01
1.263813625148276554e+00,-7.023509378707398776e-02,-5.514665245897431081e-03,1.241792948644033796e-03,1.659957583912310131e-01,-1.812465901323266973e-02,-7.023509378707398776e-02,1.256515965603906215e+00,7.809767475234093148e-02,1.468867167312506473e-02,-1.291609010165448157e-01,8.355960350430367833e-02,-5.514665245897431081e-03,7.809767475234093148e-02,1.224886501937582750e+00,4.289092396351839448e-02,-1.013810066165158896e-01,6.662089245555630201e-02,1.241792948644033796e-03,1.468867167312506473e-02,4.289092396351839448e-02,1.184027431168501954e+00,-4.350843833719517106e-03,-3.159937835814505096e-03,1.659957583912310131e-01,-1.291609010165448157e-01,-1.013810066165158896e-01,-4.350843833719517106e-03,1.097573574831216980e+00,-7.811632118128876423e-02,-1.812465901323266973e-02,8.355960350430367833e-02,6.662089245555630201e-02,-3.159937835814505096e-03,-7.811632118128876423e-02,9.445903222971372415e-01
1.263813625148276554e+00,-7.023945067067616232e-02,-5.515516276829693539e-03,1.238561095550707539e-03,1.660132253665292656e-01,-1.813130689622262370e-02,-7.023945067067616232e-02,1.256515965603906215e+00,7.809996185726386653e-02,1.468986625480131480e-02,-1.291690090135828306e-01,8.357665056203493481e-02,-5.515516276829693539e-03,7.809996185726386653e-02,1.224886501937582750e+00,4.289183971520128119e-02,-1.013873606553104129e-01,6.662581756083303663e-02,1.238561095550707539e-03,1.468986625480131480e-02,4.289183971520128119e-02,1.184027431168501954e+00,-4.346362502519358038e-03,-3.162373460755168401e-03,1.660132253665292656e-01,-1.291690090135828306e-01,-1.013873606553104129e-01,-4.346362502519358038e-03,1.097573574831216980e+00,-7.813454051689784630e-02,-1.813130689622262370e-02,8.357665056203493481e-02,6.662581756083303663e-02,-3.162373460755168401e-03,-7.813454051689784630e-02,9.445903222971372415e-01
1.263813625148276554e+00,-7.024293119284209796e-02,-5.516106255629565046e-03,1.235909968294771934e-03,1.660272406253124056e-01,-1.813678670754481637e-02,-7.024293119284209796e-02,1.256515965603906215e+00,7.810161823722340524e-02,1.469079622008037135e-02,-1.291754806328166139e-01,8.359074763587159840e-02,-5.516106255629565046e-03,7.810161823722340524e-02,1.224886501937582750e+00,4.289255274968491877e-02,-1.013924078004412588e-01,6.662980783944051633e-02,1.235909968294771934e-03,1.469079622008037135e-02,4.289255274968491877e-02,1.184027431168501954e+00,-4.342630030818618592e-03,-3.164311161088207824e-03,1.660272406253124056e-01,-1.291754806328166139e-01,-1.013924078004412588e-01,-4.342630030818618592e-03,1.097573574831216980e+00,-7.814967119761132008e-02,-1.813678670754481637e-02,8.359074763587159840e-02,6.662980783944051633e-02,-3.164311161088207824e-03,-7.814967119761132008e-02,9.445903222971372415e-01
1.263813625148276554e+00,-7.024571354847398974e-02,-5.516502546731050574e-03,1.233736078509055194e-03,1.660384856713166268e-01,-1.814130552938839069e-02,-7.024571354847398974e-02,1.256515965603906215e+00,7.810280050600038049e-02,1.469151774894876181e-02,-1.291806445697107064e-01,8.360240729869940213e-02,-5.516502546731050574e-03,7.810280050600038049e-02,1.224886501937582750e+00,4.289310717492214597e-02,-1.013964154760384484e-01,6.663304323044919042e-02,1.233736078509055194e-03,1.469151774894876181e-02,4.289310717492214597e-02,1.184027431168501954e+00,-4.339522574903758451e-03,-3.165849235257634214e-03,1.660384856713166268e-01,-1.291806445697107064e-01,-1.013964154760384484e-01,-4.339522574903758451e-03,1.097573574831216980e+00,-7.816223869166717686e-02,-1.814130552938839069e-02,8.360240729869940213e-02,6.663304323044919042e-02,-3.165849235257634214e-03,-7.816223869166717686e-02,9.445903222971372415e-01
1.263813625148276554e+00,-7.024793931568011629e-02,-5.516756543095265204e-03,1.231954183307606022e-03,1.660475076076069478e-01,-1.814503341977302328e-02,-7.024793931568011629e-02,1.256515965603906215e+00,7.810362855660629711e-02,1.469207542906046313e-02,-1.291847636625083617e-01,8.361205263242071917e-02,-5.516756543095265204e-03,7.810362855660629711e-02,1.224886501937582750e+00,4.289353752197538894e-02,-1.013995965890028550e-01,6.663566852227739701e-02,1.231954183307606022e-03,1.469207542906046313e-02,4.289353752197538894e-02,1.184027431168501954e+00,-4.336936463035408196e-03,-3.167067165677365896e-03,1.660475076076069478e-01,-1.291847636625083617e-01,-1.013995965890028550e-01,-4.336936463035408196e-03,1.097573574831216980e+00,-7.817267873394130595e-02,-1.814503341977302328e-02,8.361205263242071917e-02,6.663566852227739701e-02,-3.167067165677365896e-03,-7.817267873394130595e-02,9.445903222971372415e-01
1.263813625148276554e+00,-7.024972105748028550e-02,-5.516907262466091977e-03,1.230494114909620393e-03,1.660547456007459843e-01,-1.814811007830596790e-02,-7.024972105748028550e-02,1.256515965603906215e+00,7.810419387028953719e-02,1.469250459981459762e-02,-1.291880480821192556e-01,8.362003294290813737e-02,-5.516907262466091977e-03,7.810419387028953719e-02,1.224886501937582750e+00,4.289387084425049651e-02,-1.014021206146028670e-01,6.663780032778558737e-02,1.230494114909620393e-03,1.469250459981459762e-02,4.289387084425049651e-02,1.184027431168501954e+00,-4.334784984248976972e-03,-3.168029107799490412e-03,1.660547456007459843e-01,-1.291880480821192556e-01,-1.014021206146028670e-01,-4.334784984248976972e-03,1.097573574831216980e+00,-7.818135270861031882e-02,-1.814811007830596790e-02,8.362003294290813737e-02,6.663780032778558737e-02,-3.168029107799490412e-03,-7.818135270861031882e-02,9.445903222971372415e-01
1.263813625148276554e+00,-7.025114832968697154e-02,-5.516984163094750329e-03,1.229298149736596582e-03,1.660605521452790945e-01,-1.815065030704007820e-02,-7.025114832968697154e-02,1.256515965603906215e+00,7.810456598949477858e-02,1.469283322941295454e-02,-1.291906658754383153e-01,8.362663669580892856e-02,-5.516984163094750329e-03,7.810456598949477858e-02,1.224886501937582750e+00,4.289412834796170471e-02,-1.014041224311084954e-01,6.663953265191226161e-02,1.229298149736596582e-03,1.469283322941295454e-02,4.289412834796170471e-02,1.184027431168501954e+00,-4.332995669964498885e-03,-3.168786756605353715e-03,1.660605521452790945e-01,-1.291906658754383153e-01,-1.014041224311084954e-01,-4.332995669964498885e-03,1.097573574831216980e+00,-7.818856038487052851e-02,-1.815065030704007820e-02,8.362663669580892856e-02,6.663953265191226161e-02,-3.168786756605353715e-03,-7.818856038487052851e-02,9.445903222971372415e-01
1.263813625148276554e+00,-7.025229243229332010e-02,-5.517009343218959132e-03,1.228318828148083257e-03,1.660652101470586339e-01,-1.815274848396603372e-02,-7.025229243229332010e-02,1.256515965603906215e+00,7.810479755383600842e-02,1.469308341694110231e-02,-1.291927513954620743e-01,8.363210216898905869e-02,-5.517009343218959132e-03,7.810479755383600842e-02,1.224886501937582750e+00,4.289432666115040177e-02,-1.014057093604269211e-01,6.664094134098318134e-02,1.228318828148083257e-03,1.469308341694110231e-02,4.289432666115040177e-02,1.184027431168501954e+00,-4.331507997492448948e-03,-3.169381695688719500e-03,1.660652101470586339e-01,-1.291927513954620743e-01,-1.014057093604269211e-01,-4.331507997492448948e-03,1.097573574831216980e+00,-7.819455046275831933e-02,-1.815274848396603372e-02,8.363210216898905869e-02,6.664094134098318134e-02,-3.169381695688719500e-03,-7.819455046275831933e-02,9.445903222971372415e-01
1.263813625148276554e+00,-7.025321016968628929e-02,-5.516999255053470393e-03,1.227517149792160030e-03,1.660689466452918706e-01,-1.815448222779631263e-02,-7.025321016968628929e-02,1.256515965603906215e+00,7.810492821242416561e-02,1.469327259350866263e-02,-1.291944120432897414e-01,8.363662622799614144e-02,-5.516999255053470393e-03,7.810492821242416561e-02,1.224886501937582750e+00,4.289447882330274520e-02,-1.014069667788250750e-01,6.664208764228794768e-02,1.227517149792160030e-03,1.469327259350866263e-02,4.289447882330274520e-02,1.184027431168501954e+00,-4.330271453446316206e-03,-3.169847317915527613e-03,1.660689466452918706e-01,-1.291944120432897414e-01,-1.014069667788250750e-01,-4.330271453446316206e-03,1.097573574831216980e+00,-7.819952930697290916e-02,-1.815448222779631263e-02,8.363662622799614144e-02,6.664208764228794768e-02,-3.169847317915527613e-03,-7.819952930697290916e-02,9.445903222971372415e-01
1.263813625148276554e+00,-7.025394682847511951e-02,-5.516966037107530474e-03,1.226861081453970402e-03,1.660719438330515996e-01,-1.815591540059018766e-02,-7.025394682847511951e-02,1.256515965603906215e+00,7.810498765843107427e-02,1.469341448198681344e-02,-1.291957336610345675e-01,8.364037155785304656e-02,-5.516966037107530474e-03,7.810498765843107427e-02,1.224886501937582750e+00,4.289459505846149323e-02,-1.014079625878810953e-01,6.664302105490887973e-02,1.226861081453970402e-03,1.469341448198681344e-02,4.289459505846149323e-02,1.184027431168501954e+00,-4.329243903252104168e-03,-3.170210392490101312e-03,1.660719438330515996e-01,-1.291957336610345675e-01,-1.014079625878810953e-01,-4.329243903252104168e-03,1.097573574831216980e+00,-7.820366818119085794e-02,-1.815591540059018766e-02,8.364037155785304656e-02,6.664302105490887973e-02,-3.170210392490101312e-03,-7.820366818119085794e-02,9.445903222971372415e-01
1.263813625148276554e+00,-7.025453853733629184e-02,-5.516918547069350753e-03,1.226324324469475801e-03,1.660743479069463069e-01,-1.815710056831692717e-02,-7.025453853733629184e-02,1.256515965603906215e+00,7.810499797870110172e-02,1.469351986320984425e-02,-1.291967848462075019e-01,8.364347262473023625e-02,-5.516918547069350753e-03,7.810499797870110172e-02,1.224886501937582750e+00,4.289468338017893290e-02,-1.014087507769158986e-01,6.664378161529438405e-02,1.226324324469475801e-03,1.469351986320984425e-02,4.289468338017893290e-02,1.184027431168501954e+00,-4.328390220311941969e-03,-3.170492341026942811e-03,1.660743479069463069e-01,-1.291967848462075019e-01,-1.014087507769158986e-01,-4.328390220311941969e-03,1.097573574831216980e+00,-7.820710924129684050e-02,-1.815710056831692717e-02,8.364347262473023625e-02,6.664378161529438405e-02,-3.170492341026942811e-03,-7.820710924129684050e-02,9.445903222971372415e-01
1.263813625148276554e+00,-7.025501413840348763e-02,-5.516863160269305962e-03,1.225885297432322170e-03,1.660762761727195003e-01,-1.815808101770594041e-02,-7.025501413840348763e-02,1.256515965603906215e+00,7.810497546949701775e-02,1.469359718711103074e-02,-1.291976204036137388e-01,8.364604059212789322e-02,-5.516863160269305962e-03,7.810497546949701775e-02,1.224886501937582750e+00,4.289475006557357667e-02,-1.014093742612403454e-01,6.664440173149333013e-02,1.225885297432322170e-03,1.469359718711103074e-02,4.289475006557357667e-02,1.184027431168501954e+00,-4.327681134926915883e-03,-3.170710274763374140e-03,1.660762761727195003e-01,-1.291976204036137388e-01,-1.014093742612403454e-01,-4.327681134926915883e-03,1.097573574831216980e+00,-7.820997050126761441e-02,-1.815808101770594041e-02,8.364604059212789322e-02,6.664440173149333013e-02,-3.170710274763374140e-03,-7.820997050126761441e-02,9.445903222971372415e-01
1.263813625148276554e+00,-7.025539667231972540e-02,-5.516804385011415263e-03,1.225526297249122237e-03,1.660778227498806436e-01,-1.815889240988097231e-02,-7.025539667231972540e-02,1.256515965603906215e+00,7.810493203667143169e-02,1.469365305969785873e-02,-1.291982841073567312e-01,8.364816737612723596e-02,-5.516804385011415263e-03,7.810493203667143169e-02,1.224886501937582750e+00,4.289480002728631586e-02,-1.014098671431689913e-01,6.664490765660549543e-02,1.225526297249122237e-03,1.469365305969785873e-02,4.289480002728631586e-02,1.184027431168501954e+00,-4.327092268845428823e-03,-3.170877836165067638e-03,1.660778227498806436e-01,-1.291982841073567312e-01,-1.014098671431689913e-01,-4.327092268845428823e-03,1.097573574831216980e+00,-7.821234994850655153e-02,-1.815889240988097231e-02,8.364816737612723596e-02,6.664490765660549543e-02,-3.170877836165067638e-03,-7.821234994850655153e-02,9.445903222971372415e-01
1.263813625148276554e+00,-7.025570455751195542e-02,-5.516745335159432308e-03,1.225232807773240801e-03,1.660790631511431803e-01,-1.815956413664041383e-02,-7.025570455751195542e-02,1.256515965603906215e+00,7.810487627280003620e-02,1.469369263068300187e-02,-1.291988109108905824e-01,8.364992899142556504e-02,-5.516745335159432308e-03,7.810487627280003620e-02,1.224886501937582750e+00,4.289483710564414437e-02,-1.014102565129535172e-01,6.664532067352324507e-02,1.225232807773240801e-03,1.469369263068300187e-02,4.289483710564414437e-02,1.184027431168501954e+00,-4.326603326330522546e-03,-3.171005880686587203e-03,1.660790631511431803e-01,-1.291988109108905824e-01,-1.014102565129535172e-01,-4.326603326330522546e-03,1.097573574831216980e+00,-7.821432895488898696e-02,-1.815956413664041383e-02,8.364992899142556504e-02,6.664532067352324507e-02,-3.171005880686587203e-03,-7.821432895488898696e-02,9.445903222971372415e-01
1.263813625148276554e+00,-7.025595252728407403e-02,-5.516688091717380713e-03,1.224992930433698671e-03,1.660800579582806524e-01,-1.816012043326005812e-02,-7.025595252728407403e-02,1.256515965603906215e+00,7.810481428359261624e-02,1.469371990168825276e-02,-1.291992287154104524e-01,8.365138831292788513e-02,-5.516688091717380713e-03,7.810481428359261624e-02,1.224886501937582750e+00,4.289486429835551867e-02,-1.014105638830375550e-01,6.664565804839894803e-02,1.224992930433698671e-03,1.469371990168825276e-02,4.289486429835551867e-02,1.184027431168501954e+00,-4.326197416999433623e-03,-3.171103028166970261e-03,1.660800579582806524e-01,-1.291992287154104524e-01,-1.014105638830375550e-01,-4.326197416999433623e-03,1.097573574831216980e+00,-7.821597510453266733e-02,-1.816012043326005812e-02,8.365138831292788513e-02,6.664565804839894803e-02,-3.171103028166970261e-03,-7.821597510453266733e-02,9.445903222971372415e-01
1.263813625148276554e+00,-7.025615237496662946e-02,-5.516633978301771143e-03,1.224796915619919945e-03,1.660808557724528511e-01,-1.816058129188581963e-02,-7.025615237496662946e-02,1.256515965603906215e+00,7.810475032004041140e-02,1.469373797099725147e-02,-1.291995597847880317e-01,8.365259735555739817e-02,-5.516633978301771143e-03,7.810475032004041140e-02,1.224886501937582750e+00,4.289488394122238646e-02,-1.014108063300981216e-01,6.664593379866046163e-02,1.224796915619919945e-03,1.469373797099725147e-02,4.289488394122238646e-02,1.184027431168501954e+00,-4.325860489447209273e-03,-3.171176108098098124e-03,1.660808557724528511e-01,-1.291995597847880317e-01,-1.014108063300981216e-01,-4.325860489447209273e-03,1.097573574831216980e+00,-7.821734453843397217e-02,-1.816058129188581963e-02,8.365259735555739817e-02,6.664593379866046163e-02,-3.171176108098098124e-03,-7.821734453843397217e-02,9.445903222971372415e-01
1.263813625148276554e+00,-7.025631354683621599e-02,-5.516583769997572030e-03,1.224636777212210689e-03,1.660814955820340555e-01,-1.816096321156092375e-02,-7.025631354683621599e-02,1.256515965603906215e+00,7.810468726032429587e-02,1.469374922766414522e-02,-1.291998218776191087e-01,8.365359915678834135e-02,-5.516583769997572030e-03,7.810468726032429587e-02,1.224886501937582750e+00,4.289489785038834435e-02,-1.014109974042404216e-01,6.664615931217396372e-02,1.224636777212210689e-03,1.469374922766414522e-02,4.289489785038834435e-02,1.184027431168501954e+00,-4.325580857893389017e-03,-3.171230518645061936e-03,1.660814955820340555e-01,-1.291998218776191087e-01,-1.014109974042404216e-01,-4.325580857893389017e-03,1.097573574831216980e+00,-7.821848389884893116e-02,-1.816096321156092375e-02,8.365359915678834135e-02,6.664615931217396372e-02,-3.171230518645061936e-03,-7.821848389884893116e-02,9.445903222971372415e-01
1.263813625148276554e+00,-7.025644361421932993e-02,-5.516537850828475559e-03,1.224505975674210559e-03,1.660820086628219949e-01,-1.816127981437279382e-02,-7.025644361421932993e-02,1.256515965603906215e+00,7.810462697577247315e-02,1.469375550523815271e-02,-1.292000291528489220e-01,8.365442933148760363e-02,-5.516537850828475559e-03,7.810462697577247315e-02,1.224886501937582750e+00,4.289490743434520859e-02,-1.014111478526737165e-01,6.664634384681732138e-02,1.224505975674210559e-03,1.469375550523815271e-02,4.289490743434520859e-02,1.184027431168501954e+00,-4.325348806850952930e-03,-3.171270515687805731e-03,1.660820086628219949e-01,-1.292000291528489220e-01,-1.014111478526737165e-01,-4.325348806850952930e-03,1.097573574831216980e+00,-7.821943194202427008e-02,-1.816127981437279382e-02,8.365442933148760363e-02,6.664634384681732138e-02,-3.171270515687805731e-03,-7.821943194202427008e-02,9.445903222971372415e-01
1.263813625148276554e+00,-7.025654864964750446e-02,-5.516496331716319416e-03,1.224399157642161191e-03,1.660824201028864022e-01,-1.816154235184313376e-02,-7.025654864964750446e-02,1.256515965603906215e+00,7.810457060753593639e-02,1.469375820331750120e-02,-1.292001928941679811e-01,8.365511735638593571e-02,-5.516496331716319416e-03,7.810457060753593639e-02,1.224886501937582750e+00,4.289491378213797917e-02,-1.014112661955973854e-01,6.664649493388753732e-02,1.224399157642161191e-03,1.469375820331750120e-02,4.289491378213797917e-02,1.184027431168501954e+00,-4.325156261169367522e-03,-3.171299445172765224e-03,1.660824201028864022e-01,-1.292001928941679811e-01,-1.014112661955973854e-01,-4.325156261169367522e-03,1.097573574831216980e+00,-7.822022087607566343e-02,-1.816154235184313376e-02,8.365511735638593571e-02,6.664649493388753732e-02,-3.171299445172765224e-03,-7.822022087607566343e-02,9.445903222971372415e-01
1.263813625148276554e+00,-7.025663352676196627e-02,-5.516459138169027034e-03,1.224311942040034584e-03,1.660827500261363998e-01,-1.816176012130188075e-02,-7.025663352676196627e-02,1.256515965603906215e+00,7.810451877469268278e-02,1.469375838350382019e-02,-1.292003220893525040e-01,8.365568763141478792e-02,-5.516459138169027034e-03,7.810451877469268278e-02,1.224886501937582750e+00,4.289491773281960130e-02,-1.014113591843698869e-01,6.664661870410895639e-02,1.224311942040034584e-03,1.469375838350382019e-02,4.289491773281960130e-02,1.184027431168501954e+00,-4.324996510803492608e-03,-3.171319929608121084e-03,1.660827500261363998e-01,-1.292003220893525040e-01,-1.014113591843698869e-01,-4.324996510803492608e-03,1.097573574831216980e+00,-7.822087747104428113e-02,-1.816176012130188075e-02,8.365568763141478792e-02,6.664661870410895639e-02,-3.171319929608121084e-03,-7.822087747104428113e-02,9.445903222971372415e-01
1.263813625148276554e+00,-7.025670215958103315e-02,-5.516426074868207609e-03,1.224240744485264373e-03,1.660830145740847807e-01,-1.816194080840498673e-02,-7.025670215958103315e-02,1.256515965603906215e+00,7.810447172983847608e-02,1.469375684500905284e-02,-1.292004238935078320e-01,8.365616035684543539e-02,-5.516426074868207609e-03,7.810447172983847608e-02,1.224886501937582750e+00,4.289491993012520266e-02,-1.014114321659312784e-01,6.664672015129431693e-02,1.224240744485264373e-03,1.469375684500905284e-02,4.289491993012520266e-02,1.184027431168501954e+00,-4.324863981356077969e-03,-3.171334017520278676e-03,1.660830145740847807e-01,-1.292004238935078320e-01,-1.014114321659312784e-01,-4.324863981356077969e-03,1.097573574831216980e+00,-7.822142398008100073e-02,-1.816194080840498673e-02,8.365616035684543539e-02,6.664672015129431693e-02,-3.171334017520278676e-03,-7.822142398008100073e-02,9.445903222971372415e-01
1.263813625148276554e+00,-7.025675769351504008e-02,-5.516396872709007290e-03,1.224182633191116601e-03,1.660832266935586277e-01,-1.816209076902765285e-02,-7.025675769351504008e-02,1.256515965603906215e+00,7.810442947459235452e-02,1.469375418410965618e-02,-1.292005039993994464e-01,8.365655225833668052e-02,-5.516396872709007290e-03,7.810442947459235452e-02,1.224886501937582750e+00,4.289492086548864214e-02,-1.014114893725809458e-01,6.664680334574099585e-02,1.224182633191116601e-03,1.469375418410965618e-02,4.289492086548864214e-02,1.184027431168501954e+00,-4.324754042876893106e-03,-3.171343303036521736e-03,1.660832266935586277e-01,-1.292005039993994464e-01,-1.014114893725809458e-01,-4.324754042876893106e-03,1.097573574831216980e+00,-7.822187890402197696e-02,-1.816209076902765285e-02,8.365655225833668052e-02,6.664680334574099585e-02,-3.171343303036521736e-03,-7.822187890402197696e-02,9.445903222971372415e-01
1.263813625148276554e+00,-7.025680265795876400e-02,-5.516371222578723629e-03,1.224135210762996792e-03,1.660833967686849710e-01,-1.816221526137201323e-02,-7.025680265795876400e-02,1.256515965603906215e+00,7.810439184461588635e-02,1.469375084079569196e-02,-1.292005669334338747e-01,8.365687718637238035e-02,-5.516371222578723629e-03,7.810439184461588635e-02,1.224886501937582750e+00,4.289492091186217215e-02,-1.014115341523336850e-01,6.664687160707091773e-02,1.224135210762996792e-03,1.469375084079569196e-02,4.289492091186217215e-02,1.184027431168501954e+00,-4.324662850613357479e-03,-3.171349021406808140e-03,1.660833967686849710e-01,-1.292005669334338747e-01,-1.014115341523336850e-01,-4.324662850613357479e-03,1.097573574831216980e+00,-7.822225762608399358e-02,-1.816221526137201323e-02,8.365687718637238035e-02,6.664687160707091773e-02,-3.171349021406808140e-03,-7.822225762608399358e-02,9.445903222971372415e-01
1.263813625148276554e+00,-7.025683908826879653e-02,-5.516348799174283085e-03,1.224096517272425235e-03,1.660835331279181815e-01,-1.816231863717109041e-02,-7.025683908826879653e-02,1.256515965603906215e+00,7.810435857154418571e-02,1.469374713528270870e-02,-1.292006162921510715e-01,8.365714661193707213e-02,-5.516348799174283085e-03,7.810435857154418571e-02,1.224886501937582750e+00,4.289492035027881595e-02,-1.014115691519810319e-01,6.664692764432204874e-02,1.224096517272425235e-03,1.469374713528270870e-02,4.289492035027881595e-02,1.184027431168501954e+00,-4.324587212429490193e-03,-3.171352125174532310e-03,1.660835331279181815e-01,-1.292006162921510715e-01,-1.014115691519810319e-01,-4.324587212429490193e-03,1.097573574831216980e+00,-7.822257293882864393e-02,-1.816231863717109041e-02,8.365714661193707213e-02,6.664692764432204874e-02,-3.171352125174532310e-03,-7.822257293882864393e-02,9.445903222971372415e-01
1.263813625148276554e+00,-7.025686862333108129e-02,-5.516329277390322021e-03,1.224064950807200085e-03,1.660836424508005116e-01,-1.816240449927062142e-02,-7.025686862333108129e-02,1.256515965603906215e+00,7.810432932751662505e-02,1.469374329651195951e-02,-1.292006549311268682e-01,8.365737003645988545e-02,-5.516329277390322021e-03,7.810432932751662505e-02,1.224886501937582750e+00,4.289491939068947046e-02,-1.014115964625203758e-01,6.664697366957539337e-02,1.224064950807200085e-03,1.469374329651195951e-02,4.289491939068947046e-02,1.184027431168501954e+00,-4.324524478470783556e-03,-3.171353344806102960e-03,1.660836424508005116e-01,-1.292006549311268682e-01,-1.014115964625203758e-01,-4.324524478470783556e-03,1.097573574831216980e+00,-7.822283548175028300e-02,-1.816240449927062142e-02,8.365737003645988545e-02,6.664697366957539337e-02,-3.171353344806102960e-03,-7.822283548175028300e-02,9.445903222971372415e-01
1.263813625148276554e+00,-7.025689258365361289e-02,-5.516312343212360220e-03,1.224039202369274883e-03,1.660837300942733519e-01,-1.816247583156078635e-02,-7.025689258365361289e-02,1.256515965603906215e+00,7.810430375666724268e-02,1.469373948432891284e-02,-1.292006851158110925e-01,8.365755533090975249e-02,-5.516312343212360220e-03,7.810430375666724268e-02,1.224886501937582750e+00,4.289491818828357339e-02,-1.014116177346460895e-01,6.664701149018013859e-02,1.224039202369274883e-03,1.469373948432891284e-02,4.289491818828357339e-02,1.184027431168501954e+00,-4.324472449375124997e-03,-3.171353236857620776e-03,1.660837300942733519e-01,-1.292006851158110925e-01,-1.014116177346460895e-01,-4.324472449375124997e-03,1.097573574831216980e+00,-7.822305410470416220e-02,-1.816247583156078635e-02,8.365755533090975249e-02,6.664701149018013859e-02,-3.171353236857620776e-03,-7.822305410470416220e-02,9.445903222971372415e-01
1.263813625148276554e+00,-7.025691203391166983e-02,-5.516297700587930418e-03,1.224018202546994696e-03,1.660838003544423680e-01,-1.816253510615814526e-02,-7.025691203391166983e-02,1.256515965603906215e+00,7.810428149690805399e-02,1.469373580668382334e-02,-1.292007086419271478e-01,8.365770901633044765e-02,-5.516297700587930418e-03,7.810428149690805399e-02,1.224886501937582750e+00,4.289491685624952089e-02,-1.014116342704314000e-01,6.664704258365818090e-02,1.224018202546994696e-03,1.469373580668382334e-02,4.289491685624952089e-02,1.184027431168501954e+00,-4.324429299938348757e-03,-3.171352222162014158e-03,1.660838003544423680e-01,-1.292007086419271478e-01,-1.014116342704314000e-01,-4.324429299938348757e-03,1.097573574831216980e+00,-7.822323616978864302e-02,-1.816253510615814526e-02,8.365770901633044765e-02,6.664704258365818090e-02,-3.171352222162014158e-03,-7.822323616978864302e-02,9.445903222971372415e-01
1.263813625148276554e+00,-7.025692783307289913e-02,-5.516285075390816965e-03,1.224001077845725044e-03,1.660838566765572011e-01,-1.816258437186067665e-02,-7.025692783307289913e-02,1.256515965603906215e+00,7.810426219454322250e-02,1.469373233291965120e-02,-1.292007269315367246e-01,8.365783649596349181e-02,-5.516285075390816965e-03,7.810426219454322250e-02,1.224886501937582750e+00,4.289491547572986396e-02,-1.014116470960797767e-01,6.664706815858120748e-02,1.224001077845725044e-03,1.469373233291965120e-02,4.289491547572986396e-02,1.184027431168501954e+00,-4.324393515651565878e-03,-3.171350616037938407e-03,1.660838566765572011e-01,-1.292007269315367246e-01,-1.014116470960797767e-01,-4.324393515651565878e-03,1.097573574831216980e+00,-7.822338780214253828e-02,-1.816258437186067665e-02,8.365783649596349181e-02,6.664706815858120748e-02,-3.171350616037938407e-03,-7.822338780214253828e-02,9.445903222971372415e-01
1.263813625148276554e+00,-7.025694067459442582e-02,-5.516274217318146815e-03,1.223987114938721683e-03,1.660839018234463171e-01,-1.816262532718010414e-02,-7.025694067459442582e-02,1.256515965603906215e+00,7.810424551363925882e-02,1.469372910399228960e-02,-1.292007411096549596e-01,8.365794224734159068e-02,-5.516274217318146815e-03,7.810424551363925882e-02,1.224886501937582750e+00,4.289491410356866680e-02,-1.014116570196296752e-01,6.664708920407937109e-02,1.223987114938721683e-03,1.469372910399228960e-02,4.289491410356866680e-02,1.184027431168501954e+00,-4.324363839955059838e-03,-3.171348652130139435e-03,1.660839018234463171e-01,-1.292007411096549596e-01,-1.014116570196296752e-01,-4.324363839955059838e-03,1.097573574831216980e+00,-7.822351409833243341e-02,-1.816262532718010414e-02,8.365794224734159068e-02,6.664708920407937109e-02,-3.171348652130139435e-03,-7.822351409833243341e-02,9.445903222971372415e-01
1.263813625148276554e+00,-7.025695111867895359e-02,-5.516264900348585506e-03,1.223975731410111055e-03,1.660839380106227392e-01,-1.816265938066652721e-02,-7.025695111867895359e-02,1.256515965603906215e+00,7.810423114160605640e-02,1.469372614029157594e-02,-1.292007520653249142e-01,8.365802998127785939e-02,-5.516264900348585506e-03,7.810423114160605640e-02,1.224886501937582750e+00,4.289491277832301053e-02,-1.014116646767036500e-01,6.664710653012985431e-02,1.223975731410111055e-03,1.469372614029157594e-02,4.289491277832301053e-02,1.184027431168501954e+00,-4.324339230410403391e-03,-3.171346501175432986e-03,1.660839380106227392e-01,-1.292007520653249142e-01,-1.014116646767036500e-01,-4.324339230410403391e-03,1.097573574831216980e+00,-7.822361929952706405e-02,-1.816265938066652721e-02,8.365802998127785939e-02,6.664710653012985431e-02,-3.171346501175432986e-03,-7.822361929952706405e-02,9.445903222971372415e-01
1.263813625148276554e+00,-7.025695961817468582e-02,-5.516256922228529418e-03,1.223966451817825717e-03,1.660839670146529723e-01,-1.816268770075756683e-02,-7.025695961817468582e-02,1.256515965603906215e+00,7.810421879207943285e-02,1.469372344759075320e-02,-1.292007605002788995e-01,8.365810277347422719e-02,-5.516256922228529418e-03,7.810421879207943285e-02,1.224886501937582750e+00,4.289491152491166359e-02,-1.014116705667608975e-01,6.664712080036340469e-02,1.223966451817825717e-03,1.469372344759075320e-02,4.289491152491166359e-02,1.184027431168501954e+00,-4.324318822291933068e-03,-3.171344285732309327e-03,1.660839670146529723e-01,-1.292007605002788995e-01,-1.014116705667608975e-01,-4.324318822291933068e-03,1.097573574831216980e+00,-7.822370693542879394e-02,-1.816268770075756683e-02,8.365810277347422719e-02,6.664712080036340469e-02,-3.171344285732309327e-03,-7.822370693542879394e-02,9.445903222971372415e-01
1.263813625148276554e+00,-7.025696653938599823e-02,-5.516250103328763400e-03,1.223958888114130231e-03,1.660839902600778906e-01,-1.816271125698805042e-02,-7.025696653938599823e-02,1.256515965603906215e+00,7.810420820592096913e-02,1.469372102154105006e-02,-1.292007669676883408e-01,8.365816317347855857e-02,-5.516250103328763400e-03,7.810420820592096913e-02,1.224886501937582750e+00,4.289491035819556486e-02,-1.014116750818096629e-01,6.664713255879452236e-02,1.223958888114130231e-03,1.469372102154105006e-02,4.289491035819556486e-02,1.184027431168501954e+00,-4.324301898348277724e-03,-3.171342091706151958e-03,1.660839902600778906e-01,-1.292007669676883408e-01,-1.014116750818096629e-01,-4.324301898348277724e-03,1.097573574831216980e+00,-7.822377994391699341e-02,-1.816271125698805042e-02,8.365816317347855857e-02,6.664713255879452236e-02,-3.171342091706151958e-03,-7.822377994391699341e-02,9.445903222971372415e-01
1.263813625148276554e+00,-7.025697217880418066e-02,-5.516244285121280760e-03,1.223952723634960920e-03,1.660840088891290534e-01,-1.816273085407131560e-02,-7.025697217880418066e-02,1.256515965603906215e+00,7.810419915093867738e-02,1.469371885103916420e-02,-1.292007719030026647e-01,8.365821329490087666e-02,-5.516244285121280760e-03,7.810419915093867738e-02,1.224886501937582750e+00,4.289490928572261413e-02,-1.014116785291347411e-01,6.664714225161413874e-02,1.223952723634960920e-03,1.469371885103916420e-02,4.289490928572261413e-02,1.184027431168501954e+00,-4.324287863693340381e-03,-3.171339977335841179e-03,1.660840088891290534e-01,-1.292007719030026647e-01,-1.014116785291347411e-01,-4.324287863693340381e-03,1.097573574831216980e+00,-7.822384077051516837e-02,-1.816273085407131560e-02,8.365821329490087666e-02,6.664714225161413874e-02,-3.171339977335841179e-03,-7.822384077051516837e-02,9.445903222971372415e-01
1.263813625148276554e+00,-7.025697677656758677e-02,-5.516239328454882254e-03,1.223947700010587659e-03,1.660840238176441441e-01,-1.816274716009613766e-02,-7.025697677656758677e-02,1.256515965603906215e+00,7.810419142077155985e-02,1.469371692072461016e-02,-1.292007756484763459e-01,8.365825489012139460e-02,-5.516239328454882254e-03,7.810419142077155985e-02,1.224886501937582750e+00,4.289490830982065073e-02,-1.014116811492768722e-01,6.664715024496721540e-02,1.223947700010587659e-03,1.469371692072461016e-02,4.289490830982065073e-02,1.184027431168501954e+00,-4.324276224960737700e-03,-3.171337980173319880e-03,1.660840238176441441e-01,-1.292007756484763459e-01,-1.014116811492768722e-01,-4.324276224960737700e-03,1.097573574831216980e+00,-7.822389145109508168e-02,-1.816274716009613766e-02,8.365825489012139460e-02,6.664715024496721540e-02,-3.171337980173319880e-03,-7.822389145109508168e-02,9.445903222971372415e-01
1.263813625148276554e+00,-7.025698052729741072e-02,-5.516235111755003230e-03,1.223943606466985478e-03,1.660840357799127642e-01,-1.816276072986422463e-02,-7.025698052729741072e-02,1.256515965603906215e+00,7.810418483326038441e-02,1.469371521280939813e-02,-1.292007784726635911e-01,8.365828941216386927e-02,-5.516235111755003230e-03,7.810418483326038441e-02,1.224886501937582750e+00,4.289490742918241478e-02,-1.014116831302472599e-01,6.664715683946390024e-02,1.223943606466985478e-03,1.469371521280939813e-02,4.289490742918241478e-02,1.184027431168501954e+00,-4.324266573000666233e-03,-3.171336122480561143e-03,1.660840357799127642e-01,-1.292007784726635911e-01,-1.014116831302472599e-01,-4.324266573000666233e-03,1.097573574831216980e+00,-7.822393368065160002e-02,-1.816276072986422463e-02,8.365828941216386927e-02,6.664715683946390024e-02,-3.171336122480561143e-03,-7.822393368065160002e-02,9.445903222971372415e-01
1.263813625148276554e+00,-7.025698358882594141e-02,-5.516231529233995949e-03,1.223940271083730951e-03,1.660840453646426906e-01,-1.816277202421260131e-02,-7.025698358882594141e-02,1.256515965603906215e+00,7.810417922853472861e-02,1.469371370839679669e-02,-1.292007805859003156e-01,8.365831806594516140e-02,-5.516231529233995949e-03,7.810417922853472861e-02,1.224886501937582750e+00,4.289490664005710108e-02,-1.014116846187570059e-01,6.664716228203093618e-02,1.223940271083730951e-03,1.469371370839679669e-02,4.289490664005710108e-02,1.184027431168501954e+00,-4.324258568519391381e-03,-3.171334415381584643e-03,1.660840453646426906e-01,-1.292007805859003156e-01,-1.014116846187570059e-01,-4.324258568519391381e-03,1.097573574831216980e+00,-7.822396887050152292e-02,-1.816277202421260131e-02,8.365831806594516140e-02,6.664716228203093618e-02,-3.171334415381584643e-03,-7.822396887050152292e-02,9.445903222971372415e-01
1.263813625148276554e+00,-7.025698608923218458e-02,-5.516228489168559582e-03,1.223937553651764437e-03,1.660840530438047191e-01,-1.816278142601774129e-02,-7.025698608923218458e-02,1.256515965603906215e+00,7.810417446697866251e-02,1.469371238841279785e-02,-1.292007821525907041e-01,8.365834185073016405e-02,-5.516228489168559582e-03,7.810417446697866251e-02,1.224886501937582750e+00,4.289490593713703170e-02,-1.014116857290826013e-01,6.664716677559670566e-02,1.223937553651764437e-03,1.469371238841279785e-02,4.289490593713703170e-02,1.184027431168501954e+00,-4.324251930162743146e-03,-3.171332862038109962e-03,1.660840530438047191e-01,-1.292007821525907041e-01,-1.014116857290826013e-01,-4.324251930162743146e-03,1.097573574831216980e+00,-7.822399819586037251e-02,-1.816278142601774129e-02,8.365834185073016405e-02,6.664716677559670566e-02,-3.171332862038109962e-03,-7.822399819586037251e-02,9.445903222971372415e-01
1.263813625148276554e+00,-7.025698813251626818e-02,-5.516225912280204105e-03,1.223935339839600251e-03,1.660840591957651879e-01,-1.816278925345553644e-02,-7.025698813251626818e-02,1.256515965603906215e+00,7.810417042718653668e-02,1.469371123424526200e-02,-1.292007833009492790e-01,8.365836159530488925e-02,-5.516225912280204105e-03,7.810417042718653668e-02,1.224886501937582750e+00,4.289490531421002312e-02,-1.014116865500591380e-01,6.664717048700997959e-02,1.223935339839600251e-03,1.469371123424526200e-02,4.289490531421002312e-02,1.184027431168501954e+00,-4.324246424628954734e-03,-3.171331460061892552e-03,1.660840591957651879e-01,-1.292007833009492790e-01,-1.014116865500591380e-01,-4.324246424628954734e-03,1.097573574831216980e+00,-7.822402263542065082e-02,-1.816278925345553644e-02,8.365836159530488925e-02,6.664717048700997959e-02,-3.171331460061892552e-03,-7.822402263542065082e-02,9.445903222971372415e-01
1.263813625148276554e+00,-7.025698980317947318e-02,-5.516223730238512674e-03,1.223933536429347739e-03,1.660840641238367221e-01,-1.816279577099144671e-02,-7.025698980317947318e-02,1.256515965603906215e+00,7.810416700398285783e-02,1.469371022816474102e-02,-1.292007841307176719e-01,8.365837798712061346e-02,-5.516223730238512674e-03,7.810416700398285783e-02,1.224886501937582750e+00,4.289490476463220930e-02,-1.014116871505919559e-01,6.664717355351860995e-02,1.223933536429347739e-03,1.469371022816474102e-02,4.289490476463220930e-02,1.184027431168501954e+00,-4.324241858466080710e-03,-3.171330203332242085e-03,1.660840641238367221e-01,-1.292007841307176719e-01,-1.014116871505919559e-01,-4.324241858466080710e-03,1.097573574831216980e+00,-7.822404300427961144e-02,-1.816279577099144671e-02,8.365837798712061346e-02,6.664717355351860995e-02,-3.171330203332242085e-03,-7.822404300427961144e-02,9.445903222971372415e-01
1.263813625148276554e+00,-7.025699116992262239e-02,-5.516221884296839718e-03,1.223932067427057485e-03,1.660840680711549167e-01,-1.816280119849227742e-02,-7.025699116992262239e-02,1.256515965603906215e+00,7.810416410655272867e-02,1.469370935358388017e-02,-1.292007847192720993e-01,8.365839159644419820e-02,-5.516221884296839718e-03,7.810416410655272867e-02,1.224886501937582750e+00,4.289490428166388425e-02,-1.014116875839968374e-01,6.664717608807224636e-02,1.223932067427057485e-03,1.469370935358388017e-02,4.289490428166388425e-02,1.184027431168501954e+00,-4.324238071267930139e-03,-3.171329083352334224e-03,1.660840680711549167e-01,-1.292007847192720993e-01,-1.014116875839968374e-01,-4.324238071267930139e-03,1.097573574831216980e+00,-7.822405998133764859e-02,-1.816280119849227742e-02,8.365839159644419820e-02,6.664717608807224636e-02,-3.171329083352334224e-03,-7.822405998133764859e-02,9.445903222971372415e-01
1.263813625148276554e+00,-7.025699228863523105e-02,-5.516220324061794390e-03,1.223930870887388707e-03,1.660840712326078494e-01,-1.816280571878297126e-02,-7.025699228863523105e-02,1.256515965603906215e+00,7.810416165671009436e-02,1.469370859519907209e-02,-1.292007851264508622e-01,8.365840289637294092e-02,-5.516220324061794390e-03,7.810416165671009436e-02,1.224886501937582750e+00,4.289490385870184386e-02,-1.014116878914139569e-01,6.664717818366566737e-02,1.223930870887388707e-03,1.469370859519907209e-02,4.289490385870184386e-02,1.184027431168501954e+00,-4.324234930030386621e-03,-3.171328090248805558e-03,1.660840712326078494e-01,-1.292007851264508622e-01,-1.014116878914139569e-01,-4.324234930030386621e-03,1.097573574831216980e+00,-7.822407413209767069e-02,-1.816280571878297126e-02,8.365840289637294092e-02,6.664717818366566737e-02,-3.171328090248805558e-03,-7.822407413209767069e-02,9.445903222971372415e-01
1.263813625148276554e+00,-7.025699320481224031e-02,-5.516219006393548174e-03,1.223929896322190633e-03,1.660840737644020959e-01,-1.816280948391563177e-02,-7.025699320481224031e-02,1.256515965603906215e+00,7.810415958731699304e-02,1.469370793904762641e-02,-1.292007853983664079e-01,8.365841227942362457e-02,-5.516219006393548174e-03,7.810415958731699304e-02,1.224886501937582750e+00,4.289490348943418574e-02,-1.014116881044907909e-01,6.664717991689740606e-02,1.223929896322190633e-03,1.469370793904762641e-02,4.289490348943418574e-02,1.184027431168501954e+00,-4.324232324470756589e-03,-3.171327213497669457e-03,1.660840737644020959e-01,-1.292007853983664079e-01,-1.014116881044907909e-01,-4.324232324470756589e-03,1.097573574831216980e+00,-7.822408592763978319e-02,-1.816280948391563177e-02,8.365841227942362457e-02,6.664717991689740606e-02,-3.171327213497669457e-03,-7.822408592763978319e-02,9.445903222971372415e-01
1.263813625148276554e+00,-7.025699395550989712e-02,-5.516217894429798797e-03,1.223929102585687894e-03,1.660840757917334265e-01,-1.816281262037171620e-02,-7.025699395550989712e-02,1.256515965603906215e+00,7.810415784085686375e-02,1.469370737250572968e-02,-1.292007855704116193e-01,8.365842007128346247e-02,-5.516217894429798797e-03,7.810415784085686375e-02,1.224886501937582750e+00,4.289490316793713454e-02,-1.014116882474878772e-01,6.664718135088770756e-02,1.223929102585687894e-03,1.469370737250572968e-02,4.289490316793713454e-02,1.184027431168501954e+00,-4.324230163146079199e-03,-3.171326442441003025e-03,1.660840757917334265e-01,-1.292007855704116193e-01,-1.014116882474878772e-01,-4.324230163146079199e-03,1.097573574831216980e+00,-7.822409576041440549e-02,-1.816281262037171620e-02,8.365842007128346247e-02,6.664718135088770756e-02,-3.171326442441003025e-03,-7.822409576041440549e-02,9.445903222971372415e-01
1.263813625148276554e+00,-7.025699457092884903e-02,-5.516216956725291873e-03,1.223928456149110666e-03,1.660840774149372479e-01,-1.816281523338013001e-02,-7.025699457092884903e-02,1.256515965603906215e+00,7.810415636815945528e-02,1.469370688424621353e-02,-1.292007856696266999e-01,8.365842654220959074e-02,-5.516216956725291873e-03,7.810415636815945528e-02,1.224886501937582750e+00,4.289490288872988694e-02,-1.014116883389292872e-01,6.664718253767173972e-02,1.223928456149110666e-03,1.469370688424621353e-02,4.289490288872988694e-02,1.184027431168501954e+00,-4.324228370234111003e-03,-3.171325766644824459e-03,1.660840774149372479e-01,-1.292007856696266999e-01,-1.014116883389292872e-01,-4.324228370234111003e-03,1.097573574831216980e+00,-7.822410395738842170e-02,-1.816281523338013001e-02,8.365842654220959074e-02,6.664718253767173972e-02,-3.171325766644824459e-03,-7.822410395738842170e-02,9.445903222971372415e-01
1.263813625148276554e+00,-7.025699507569729829e-02,-5.516216166496739140e-03,1.223927929693081939e-03,1.660840787144202968e-01,-1.816281741050249435e-02,-7.025699507569729829e-02,1.256515965603906215e+00,7.810415512726943954e-02,1.469370646417017881e-02,-1.292007857165609896e-01,8.365843191648041077e-02,-5.516216166496739140e-03,7.810415512726943954e-02,1.224886501937582750e+00,4.289490264679856474e-02,-1.014116883928949525e-01,6.664718352016378577e-02,1.223927929693081939e-03,1.469370646417017881e-02,4.289490264679856474e-02,1.184027431168501954e+00,-4.324226882864219690e-03,-3.171325176137836099e-03,1.660840787144202968e-01,-1.292007857165609896e-01,-1.014116883928949525e-01,-4.324226882864219690e-03,1.097573574831216980e+00,-7.822411079098924580e-02,-1.816281741050249435e-02,8.365843191648041077e-02,6.664718352016378577e-02,-3.171325176137836099e-03,-7.822411079098924580e-02,9.445903222971372415e-01
1.263813625148276554e+00,-7.025699548991086452e-02,-5.516215500963882017e-03,1.223927500959631721e-03,1.660840797546147274e-01,-1.816281922461059073e-02,-7.025699548991086452e-02,1.256515965603906215e+00,7.810415408244952840e-02,1.469370610332296385e-02,-1.292007857267338800e-01,8.365843638023179318e-02,-5.516215500963882017e-03,7.810415408244952840e-02,1.224886501937582750e+00,4.289490243759871979e-02,-1.014116884200305935e-01,6.664718433377009310e-02,1.223927500959631721e-03,1.469370610332296385e-02,4.289490243759871979e-02,1.184027431168501954e+00,-4.324225648904113720e-03,-3.171324661561179641e-03,1.660840797546147274e-01,-1.292007857267338800e-01,-1.014116884200305935e-01,-4.324225648904113720e-03,1.097573574831216980e+00,-7.822411648821632479e-02,-1.816281922461059073e-02,8.365843638023179318e-02,6.664718433377009310e-02,-3.171324661561179641e-03,-7.822411648821632479e-02,9.445903222971372415e-01
1.263813625148276554e+00,-7.025699582997622927e-02,-5.516214940776149878e-03,1.223927151815920817e-03,1.660840805871481585e-01,-1.816282073635972980e-02,-7.025699582997622927e-02,1.256515965603906215e+00,7.810415320330681144e-02,1.469370579380199771e-02,-1.292007857117801473e-01,8.365844008795554620e-02,-5.516214940776149878e-03,7.810415320330681144e-02,1.224886501937582750e+00,4.289490225704292725e-02,-1.014116884283358805e-01,6.664718500771367460e-02,1.223927151815920817e-03,1.469370579380199771e-02,4.289490225704292725e-02,1.184027431168501954e+00,-4.324224625124851833e-03,-3.171324214252927570e-03,1.660840805871481585e-01,-1.292007857117801473e-01,-1.014116884283358805e-01,-4.324224625124851833e-03,1.097573574831216980e+00,-7.822412123822775065e-02,-1.816282073635972980e-02,8.365844008795554620e-02,6.664718500771367460e-02,-3.171324214252927570e-03,-7.822412123822775065e-02,9.445903222971372415e-01
1.263813625148276554e+00,-7.025699610929596328e-02,-5.516214469515752852e-03,1.223926867490939723e-03,1.660840812533853905e-01,-1.816282199624382962e-02,-7.025699610929596328e-02,1.256515965603906215e+00,7.810415246403053235e-02,1.469370552866203217e-02,-1.292007856803453758e-01,8.365844316788832724e-02,-5.516214469515752852e-03,7.810415246403053235e-02,1.224886501937582750e+00,4.289490210147872684e-02,-1.014116884237784427e-01,6.664718556612334033e-02,1.223926867490939723e-03,1.469370552866203217e-02,4.289490210147872684e-02,1.184027431168501954e+00,-4.324223775679410763e-03,-3.171323826285359776e-03,1.660840812533853905e-01,-1.292007856803453758e-01,-1.014116884237784427e-01,-4.324223775679410763e-03,1.097573574831216980e+00,-7.822412519865763747e-02,-1.816282199624382962e-02,8.365844316788832724e-02,6.664718556612334033e-02,-3.171323826285359776e-03,-7.822412519865763747e-02,9.445903222971372415e-01
1.263813625148276554e+00,-7.025699633882465100e-02,-5.516214073268552870e-03,1.223926635952895343e-03,1.660840817864657482e-01,-1.816282304630329608e-02,-7.025699633882465100e-02,1.256515965603906215e+00,7.810415184273021560e-02,1.469370530182139908e-02,-1.292007856387844822e-01,8.365844572648128974e-02,-5.516214073268552870e-03,7.810415184273021560e-02,1.224886501937582750e+00,4.289490196766040930e-02,-1.014116884107710004e-01,6.664718602892896748e-02,1.223926635952895343e-03,1.469370530182139908e-02,4.289490196766040930e-02,1.184027431168501954e+00,-4.324223070841178712e-03,-3.171323490468643327e-03,1.660840817864657482e-01,-1.292007856387844822e-01,-1.014116884107710004e-01,-4.324223070841178712e-03,1.097573574831216980e+00,-7.822412850087699654e-02,-1.816282304630329608e-02,8.365844572648128974e-02,6.664718602892896748e-02,-3.171323490468643327e-03,-7.822412850087699654e-02,9.445903222971372415e-01
1.263813625148276554e+00,-7.025699652752107061e-02,-5.516213740254189389e-03,1.223926447401988251e-03,1.660840822129366068e-01,-1.816282392154468933e-02,-7.025699652752107061e-02,1.256515965603906215e+00,7.810415132086255541e-02,1.469370510797175962e-02,-1.292007855917059744e-01,8.365844785210731216e-02,-5.516213740254189389e-03,7.810415132086255541e-02,1.224886501937582750e+00,4.289490185271753464e-02,-1.014116883925417212e-01,6.664718641259823051e-02,1.223926447401988251e-03,1.469370510797175962e-02,4.289490185271753464e-02,1.184027431168501954e+00,-4.324222485958238021e-03,-3.171323200331602633e-03,1.660840822129366068e-01,-1.292007855917059744e-01,-1.014116883925417212e-01,-4.324222485958238021e-03,1.097573574831216980e+00,-7.822413125437528703e-02,-1.816282392154468933e-02,8.365844785210731216e-02,6.664718641259823051e-02,-3.171323200331602633e-03,-7.822413125437528703e-02,9.445903222971372415e-01
1.263813625148276554e+00,-7.025699668271566389e-02,-5.516213460508251169e-03,1.223926293856705642e-03,1.660840825540628729e-01,-1.816282465112105740e-02,-7.025699668271566389e-02,1.256515965603906215e+00,7.810415088273710282e-02,1.469370494249320515e-02,-1.292007855423940865e-01,8.365844961813627412e-02,-5.516213460508251169e-03,7.810415088273710282e-02,1.224886501937582750e+00,4.289490175412222911e-02,-1.014116883714206024e-01,6.664718673074261635e-02,1.223926293856705642e-03,1.469370494249320515e-02,4.289490175412222911e-02,1.184027431168501954e+00,-4.324222000586257567e-03,-3.171322950087164180e-03,1.660840825540628729e-01,-1.292007855423940865e-01,-1.014116883714206024e-01,-4.324222000586257567e-03,1.097573574831216980e+00,-7.822413355040983007e-02,-1.816282465112105740e-02,8.365844961813627412e-02,6.664718673074261635e-02,-3.171322950087164180e-03,-7.822413355040983007e-02,9.445903222971372415e-01
1.263813625148276554e+00,-7.025699681040979694e-02,-5.516213225609694834e-03,1.223926168816935871e-03,1.660840828268764224e-01,-1.816282525931348438e-02,-7.025699681040979694e-02,1.256515965603906215e+00,7.810415051509100870e-02,1.469370480137540368e-02,-1.292007854931354616e-01,8.365845108548627951e-02,-5.516213225609694834e-03,7.810415051509100870e-02,1.224886501937582750e+00,4.289490166965657936e-02,-1.014116883490605858e-01,6.664718699461681661e-02,1.223926168816935871e-03,1.469370480137540368e-02,4.289490166965657936e-02,1.184027431168501954e+00,-4.324221597769661515e-03,-3.171322734588459362e-03,1.660840828268764224e-01,-1.292007854931354616e-01,-1.014116883490605858e-01,-4.324221597769661515e-03,1.097573574831216980e+00,-7.822413546504558557e-02,-1.816282525931348438e-02,8.365845108548627951e-02,6.664718699461681661e-02,-3.171322734588459362e-03,-7.822413546504558557e-02,9.445903222971372415e-01
1.263813625148276554e+00,-7.025699691551924586e-02,-5.516213028447509818e-03,1.223926066989138809e-03,1.660840830450175387e-01,-1.816282576634746168e-02,-7.025699691551924586e-02,1.256515965603906215e+00,7.810415020672409336e-02,1.469370468114525839e-02,-1.292007854454714499e-01,8.365845230474022731e-02,-5.516213028447509818e-03,7.810415020672409336e-02,1.224886501937582750e+00,4.289490159738097025e-02,-1.014116883266075048e-01,6.664718721352970443e-02,1.223926066989138809e-03,1.469370468114525839e-02,4.289490159738097025e-02,1.184027431168501954e+00,-4.324221263445721455e-03,-3.171322549279721823e-03,1.660840830450175387e-01,-1.292007854454714499e-01,-1.014116883266075048e-01,-4.324221263445721455e-03,1.097573574831216980e+00,-7.822413706168743208e-02,-1.816282576634746168e-02,8.365845230474022731e-02,6.664718721352970443e-02,-3.171322549279721823e-03,-7.822413706168743208e-02,9.445903222971372415e-01
1.263813625148276554e+00,-7.025699700207260756e-02,-5.516212863021621553e-03,1.223925984062604029e-03,1.660840832194090677e-01,-1.816282618907200455e-02,-7.025699700207260756e-02,1.256515965603906215e+00,7.810414994818616619e-02,1.469370457880136462e-02,-1.292007854003916212e-01,8.365845331790207340e-02,-5.516212863021621553e-03,7.810414994818616619e-02,1.224886501937582750e+00,4.289490153560421987e-02,-1.014116883048305356e-01,6.664718739518339652e-02,1.223925984062604029e-03,1.469370457880136462e-02,4.289490153560421987e-02,1.184027431168501954e+00,-4.324220985950462046e-03,-3.171322390145193352e-03,1.660840832194090677e-01,-1.292007854003916212e-01,-1.014116883048305356e-01,-4.324220985950462046e-03,1.097573574831216980e+00,-7.822413839318970163e-02,-1.816282618907200455e-02,8.365845331790207340e-02,6.664718739518339652e-02,-3.171322390145193352e-03,-7.822413839318970163e-02,9.445903222971372415e-01
1.263813625148276554e+00,-7.025699707337314248e-02,-5.516212724272730704e-03,1.223925916527120097e-03,1.660840833587968191e-01,-1.816282654152468271e-02,-7.025699707337314248e-02,1.256515965603906215e+00,7.810414973151035001e-02,1.469370449175501185e-02,-1.292007853584819788e-01,8.365845415985405376e-02,-5.516212724272730704e-03,7.810414973151035001e-02,1.224886501937582750e+00,4.289490148285557414e-02,-1.014116882842216738e-01,6.664718754595239103e-02,1.223925916527120097e-03,1.469370449175501185e-02,4.289490148285557414e-02,1.184027431168501954e+00,-4.324220755608959230e-03,-3.171322253658028466e-03,1.660840833587968191e-01,-1.292007853584819788e-01,-1.014116882842216738e-01,-4.324220755608959230e-03,1.097573574831216980e+00,-7.822413950361375989e-02,-1.816282654152468271e-02,8.365845415985405376e-02,6.664718754595239103e-02,-3.171322253658028466e-03,-7.822413950361375989e-02,9.445903222971372415e-01
1.263813625148276554e+00,-7.025699713213069686e-02,-5.516212607937672797e-03,1.223925861524337386e-03,1.660840834701826640e-01,-1.816282683540181714e-02,-7.025699713213069686e-02,1.256515965603906215e+00,7.810414954998522175e-02,1.469370441777732156e-02,-1.292007853200375922e-01,8.365845485956605043e-02,-5.516212607937672797e-03,7.810414954998522175e-02,1.224886501937582750e+00,4.289490143785908843e-02,-1.014116882650715340e-01,6.664718767111414699e-02,1.223925861524337386e-03,1.469370441777732156e-02,4.289490143785908843e-02,1.184027431168501954e+00,-4.324220564395847913e-03,-3.171322136730918978e-03,1.660840834701826640e-01,-1.292007853200375922e-01,-1.014116882650715340e-01,-4.324220564395847913e-03,1.097573574831216980e+00,-7.822414042969239034e-02,-1.816282683540181714e-02,8.365845485956605043e-02,6.664718767111414699e-02,-3.171322136730918978e-03,-7.822414042969239034e-02,9.445903222971372415e-01
1.263813625148276554e+00,-7.025699718056925558e-02,-5.516212510426421987e-03,1.223925816726853522e-03,1.660840835591717302e-01,-1.816282708044978864e-02,-7.025699718056925558e-02,1.256515965603906215e+00,7.810414939796092582e-02,1.469370435495238360e-02,-1.292007852851479732e-01,8.365845544109924703e-02,-5.516212510426421987e-03,7.810414939796092582e-02,1.224886501937582750e+00,4.289490139951025738e-02,-1.014116882475263742e-01,6.664718777503907121e-02,1.223925816726853522e-03,1.469370435495238360e-02,4.289490139951025738e-02,1.184027431168501954e+00,-4.324220405653635829e-03,-3.171322036669115083e-03,1.660840835591717302e-01,-1.292007852851479732e-01,-1.014116882475263742e-01,-4.324220405653635829e-03,1.097573574831216980e+00,-7.822414120204999877e-02,-1.816282708044978864e-02,8.365845544109924703e-02,6.664718777503907121e-02,-3.171322036669115083e-03,-7.822414120204999877e-02,9.445903222971372415e-01
1.263813625148276554e+00,-7.025699722051502449e-02,-5.516212428717429117e-03,1.223925780239553795e-03,1.660840836302502066e-01,-1.816282728479082925e-02,-7.025699722051502449e-02,1.256515965603906215e+00,7.810414927068440316e-02,1.469370430163581542e-02,-1.292007852537611079e-01,8.365845592443899026e-02,-5.516212428717429117e-03,7.810414927068440316e-02,1.224886501937582750e+00,4.289490136685478877e-02,-1.014116882316312834e-01,6.664718786134747608e-02,1.223925780239553795e-03,1.469370430163581542e-02,4.289490136685478877e-02,1.184027431168501954e+00,-4.324220273859283488e-03,-3.171321951126693413e-03,1.660840836302502066e-01,-1.292007852537611079e-01,-1.014116882316312834e-01,-4.324220273859283488e-03,1.097573574831216980e+00,-7.822414184621942490e-02,-1.816282728479082925e-02,8.365845592443899026e-02,6.664718786134747608e-02,-3.171321951126693413e-03,-7.822414184621942490e-02,9.445903222971372415e-01
1.263813625148276554e+00,-7.025699725346824798e-02,-5.516212360269091841e-03,1.223925750519381725e-03,1.660840836870084158e-01,-1.816282745519417346e-02,-7.025699725346824798e-02,1.256515965603906215e+00,7.810414916415958642e-02,1.469370425641816982e-02,-1.292007852257309186e-01,8.365845632618634786e-02,-5.516212360269091841e-03,7.810414916415958642e-02,1.224886501937582750e+00,4.289490133906975755e-02,-1.014116882173621004e-01,6.664718793303915645e-02,1.223925750519381725e-03,1.469370425641816982e-02,4.289490133906975755e-02,1.184027431168501954e+00,-4.324220164430620308e-03,-3.171321878066232086e-03,1.660840836870084158e-01,-1.292007852257309186e-01,-1.014116882173621004e-01,-4.324220164430620308e-03,1.097573574831216980e+00,-7.822414238348922300e-02,-1.816282745519417346e-02,8.365845632618634786e-02,6.664718793303915645e-02,-3.171321878066232086e-03,-7.822414238348922300e-02,9.445903222971372415e-01
1.263813625148276554e+00,-7.025699728066191196e-02,-5.516212302944540485e-03,1.223925726309920466e-03,1.660840837323192265e-01,-1.816282759730188101e-02,-7.025699728066191196e-02,1.256515965603906215e+00,7.810414907502855053e-02,1.469370421809294662e-02,-1.292007852008527913e-01,8.365845666013196902e-02,-5.516212302944540485e-03,7.810414907502855053e-02,1.224886501937582750e+00,4.289490131544664020e-02,-1.014116882046492835e-01,6.664718799260041515e-02,1.223925726309920466e-03,1.469370421809294662e-02,4.289490131544664020e-02,1.184027431168501954e+00,-4.324220073565885301e-03,-3.171321815722029369e-03,1.660840837323192265e-01,-1.292007852008527913e-01,-1.014116882046492835e-01,-4.324220073565885301e-03,1.097573574831216980e+00,-7.822414283160990245e-02,-1.816282759730188101e-02,8.365845666013196902e-02,6.664718799260041515e-02,-3.171321815722029369e-03,-7.822414283160990245e-02,9.445903222971372415e-01
1.263813625148276554e+00,-7.025699730310983049e-02,-5.516212254948000583e-03,1.223925706588184070e-03,1.660840837684811055e-01,-1.816282771581679417e-02,-7.025699730310983049e-02,1.256515965603906215e+00,7.810414900047134290e-02,1.469370418562865148e-02,-1.292007851788888051e-01,8.365845693773256431e-02,-5.516212254948000583e-03,7.810414900047134290e-02,1.224886501937582750e+00,4.289490129537642388e-02,-1.014116881933950637e-01,6.664718804209243674e-02,1.223925706588184070e-03,1.469370418562865148e-02,4.289490129537642388e-02,1.184027431168501954e+00,-4.324219998110509847e-03,-3.171321762566842953e-03,1.660840837684811055e-01,-1.292007851788888051e-01,-1.014116881933950637e-01,-4.324219998110509847e-03,1.097573574831216980e+00,-7.822414320538240151e-02,-1.816282771581679417e-02,8.365845693773256431e-02,6.664718804209243674e-02,-3.171321762566842953e-03,-7.822414320538240151e-02,9.445903222971372415e-01
1.263813625148276554e+00,-7.025699732164589206e-02,-5.516212214771130939e-03,1.223925690521180873e-03,1.660840837973325823e-01,-1.816282781465919718e-02,-7.025699732164589206e-02,1.256515965603906215e+00,7.810414893812082926e-02,1.469370415814425304e-02,-1.292007851595863011e-01,8.365845716850640879e-02,-5.516212214771130939e-03,7.810414893812082926e-02,1.224886501937582750e+00,4.289490127833623517e-02,-1.014116881834861705e-01,6.664718808322446508e-02,1.223925690521180873e-03,1.469370415814425304e-02,4.289490127833623517e-02,1.184027431168501954e+00,-4.324219935446919384e-03,-3.171321717282100851e-03,1.660840837973325823e-01,-1.292007851595863011e-01,-1.014116881834861705e-01,-4.324219935446919384e-03,1.097573574831216980e+00,-7.822414351714868097e-02,-1.816282781465919718e-02,8.365845716850640879e-02,6.664718808322446508e-02,-3.171321717282100851e-03,-7.822414351714868097e-02,9.445903222971372415e-01
1.263813625148276554e+00,-7.025699733695638105e-02,-5.516212181147478466e-03,1.223925677430662187e-03,1.660840838203441194e-01,-1.816282789709725703e-02,-7.025699733695638105e-02,1.256515965603906215e+00,7.810414888599093164e-02,1.469370413488816675e-02,-1.292007851426905385e-01,8.365845736036184310e-02,-5.516212181147478466e-03,7.810414888599093164e-02,1.224886501937582750e+00,4.289490126387791175e-02,-1.014116881748026028e-01,6.664718811741421334e-02,1.223925677430662187e-03,1.469370413488816675e-02,4.289490126387791175e-02,1.184027431168501954e+00,-4.324219883402832462e-03,-3.171321678731222216e-03,1.660840838203441194e-01,-1.292007851426905385e-01,-1.014116881748026028e-01,-4.324219883402832462e-03,1.097573574831216980e+00,-7.822414377720053602e-02,-1.816282789709725703e-02,8.365845736036184310e-02,6.664718811741421334e-02,-3.171321678731222216e-03,-7.822414377720053602e-02,9.445903222971372415e-01
1.263813625148276554e+00,-7.025699734960623444e-02,-5.516212153014106966e-03,1.223925666764408065e-03,1.660840838386915541e-01,-1.816282796585557205e-02,-7.025699734960623444e-02,1.256515965603906215e+00,7.810414884241619060e-02,1.469370411521980953e-02,-1.292007851279534381e-01,8.365845751986988876e-02,-5.516212153014106966e-03,7.810414884241619060e-02,1.224886501937582750e+00,4.289490125161773276e-02,-1.014116881672238596e-01,6.664718814583787954e-02,1.223925666764408065e-03,1.469370411521980953e-02,4.289490125161773276e-02,1.184027431168501954e+00,-4.324219840175556537e-03,-3.171321645936004720e-03,1.660840838386915541e-01,-1.292007851279534381e-01,-1.014116881672238596e-01,-4.324219840175556537e-03,1.097573574831216980e+00,-7.822414399412046249e-02,-1.816282796585557205e-02,8.365845751986988876e-02,6.664718814583787954e-02,-3.171321645936004720e-03,-7.822414399412046249e-02,9.445903222971372415e-01
1.263813625148276554e+00,-7.025699736006073282e-02,-5.516212129479252345e-03,1.223925658072711397e-03,1.660840838533149955e-01,-1.816282802320579731e-02,-7.025699736006073282e-02,1.256515965603906215e+00,7.810414880600025089e-02,1.469370409859362993e-02,-1.292007851151392994e-01,8.365845765249076138e-02,-5.516212129479252345e-03,7.810414880600025089e-02,1.224886501937582750e+00,4.289490124122749548e-02,-1.014116881606330484e-01,6.664718816947147462e-02,1.223925658072711397e-03,1.469370409859362993e-02,4.289490124122749548e-02,1.184027431168501954e+00,-4.324219804268874395e-03,-3.171321618055717665e-03,1.660840838533149955e-01,-1.292007851151392994e-01,-1.014116881606330484e-01,-4.324219804268874395e-03,1.097573574831216980e+00,-7.822414417506570739e-02,-1.816282802320579731e-02,8.365845765249076138e-02,6.664718816947147462e-02,-3.171321618055717665e-03,-7.822414417506570739e-02,9.445903222971372415e-01
